Title;J90;;;;;;;;;;;;;;;;;;;;;;;;;;;;;;;;
Description;Dataset proposed in the paper Kolisch, R., & Sprecher, A. (1997). PSPLIB - A project scheduling problem library. European Journal of Operational Research, 96(1), 205-216. https://doi.org/10.1016/S0377-2217(96)00170-1;;;;;;;;;;;;;;;;;;;;;;;;;;;;;;;;
Number;480;;;;;;;;;;;;;;;;;;;;;;;;;;;;;;;;
Format;sm;;;;;;;;;;;;;;;;;;;;;;;;;;;;;;;;
ID;Ref1;Ref2;Ref3;LB value;LB ref;LB time;UB value;UB ref;UB time;OPT value;OPT ref;OPT time;CPM;Sum PT;# Act;CNC;OS;SP/I2;AD/I3;LA/I4;I5;TF/I6;# RR;RF/RR;RU/RR;RS/RR;RC/RR;# NR;RF/NR;RU/NR;RS/NR;RC/NR;# Modes
1;j901_1.sm;0;0;73;7;435500;73;7;435500;73;7;435500;67;507;90;1,467;0,176;0,101;0,333;0,009;0,794;0,164;4;0,25;1;0,201;0,401;0;0;0;0;0;1
2;j901_2.sm;0;0;92;2;24;92;1;60716;92;7;30;88;478;90;1,467;0,223;0,18;0,465;0,002;0,704;0,4;4;0,25;1;0,205;0,36;0;0;0;0;0;1
3;j901_3.sm;0;0;66;10;0;66;3;10000;66;10;0;59;459;90;1,467;0,183;0,112;0,349;0,009;0,78;0,22;4;0,25;1;0,201;0,364;0;0;0;0;0;1
4;j901_4.sm;0;0;86;4;280;86;3;10000;86;4;280;76;493;90;1,467;0,198;0,124;0,357;0,002;0,778;0,238;4;0,25;1;0,189;0,386;0;0;0;0;0;1
5;j901_5.sm;0;0;87;7;2010;87;7;2010;87;7;2010;84;468;90;1,467;0,204;0,146;0,312;0,006;0,719;0,274;4;0,25;1;0,187;0,391;0;0;0;0;0;1
6;j901_6.sm;0;0;74;4;90;74;4;90;74;4;90;61;497;90;1,467;0,193;0,124;0,392;0,005;0,76;0,287;4;0,25;1;0,183;0,355;0;0;0;0;0;1
7;j901_7.sm;0;0;91;7;770;91;1;60088;91;7;770;83;503;90;1,467;0,214;0,124;0,308;0,009;0,78;0,182;4;0,25;1;0,203;0,394;0;0;0;0;0;1
8;j901_8.sm;0;0;95;10;0;95;3;10000;95;10;0;85;546;90;1,467;0,228;0,135;0,344;0,007;0,758;0,221;4;0,25;1;0,206;0,411;0;0;0;0;0;1
9;j901_9.sm;0;0;72;7;63610;72;7;63610;72;7;63610;66;473;90;1,467;0,213;0,124;0,371;0,007;0,769;0,265;4;0,25;1;0,204;0,341;0;0;0;0;0;1
10;j901_10.sm;0;0;90;7;1090;90;7;1090;90;7;1090;87;530;90;1,467;0,225;0,146;0,403;0,008;0,733;0,252;4;0,25;1;0,198;0,38;0;0;0;0;0;1
11;j902_1.sm;0;0;96;CPM;0;96;1;3;96;1;3;96;533;90;1,467;0,207;0,146;0,445;0,008;0,77;0,348;4;0,25;1;0,519;0,25;0;0;0;0;0;1
12;j902_2.sm;0;0;114;CPM;0;114;1;1;114;1;1;114;473;90;1,467;0,273;0,191;0,368;0,006;0,779;0,343;4;0,25;1;0,51;0,283;0;0;0;0;0;1
13;j902_3.sm;0;0;75;CPM;0;75;1;1;75;1;1;75;486;90;1,467;0,192;0,124;0,364;0,006;0,764;0,268;4;0,25;1;0,5;0,273;0;0;0;0;0;1
14;j902_4.sm;0;0;70;CPM;0;70;1;0;70;1;0;70;473;90;1,467;0,197;0,146;0,383;0,004;0,78;0,368;4;0,25;1;0,508;0,247;0;0;0;0;0;1
15;j902_5.sm;0;0;100;CPM;0;100;1;1;100;1;1;100;511;90;1,467;0,224;0,146;0,403;0,007;0,73;0,298;4;0,25;1;0,539;0,291;0;0;0;0;0;1
16;j902_6.sm;0;0;67;CPM;0;67;1;1;67;1;1;67;469;90;1,467;0,206;0,135;0,429;0,012;0,804;0,305;4;0,25;1;0,509;0,234;0;0;0;0;0;1
17;j902_7.sm;0;0;92;CPM;0;92;1;2;92;1;2;92;516;90;1,467;0,203;0,135;0,415;0,006;0,756;0,317;4;0,25;1;0,523;0,262;0;0;0;0;0;1
18;j902_8.sm;0;0;82;CPM;0;82;1;1;82;1;1;82;538;90;1,467;0,194;0,124;0,378;0,005;0,753;0,259;4;0,25;1;0,514;0,245;0;0;0;0;0;1
19;j902_9.sm;0;0;79;CPM;0;79;1;3;79;1;3;79;519;90;1,467;0,207;0,124;0,322;0,005;0,787;0,224;4;0,25;1;0,524;0,274;0;0;0;0;0;1
20;j902_10.sm;0;0;80;CPM;0;80;1;2;80;1;2;80;506;90;1,467;0,214;0,124;0,315;0,009;0,771;0,22;4;0,25;1;0,524;0,274;0;0;0;0;0;1
21;j903_1.sm;0;0;81;CPM;0;81;1;0;81;1;0;81;443;90;1,467;0,226;0,169;0,375;0,003;0,721;0,398;4;0,25;1;0,688;0,227;0;0;0;0;0;1
22;j903_2.sm;0;0;84;CPM;0;84;1;0;84;1;0;84;475;90;1,467;0,219;0,135;0,359;0,007;0,77;0,235;4;0,25;1;0,709;0,211;0;0;0;0;0;1
23;j903_3.sm;0;0;71;CPM;0;71;1;1;71;1;1;71;460;90;1,467;0,226;0,157;0,371;0,011;0,718;0,35;4;0,25;1;0,717;0,229;0;0;0;0;0;1
24;j903_4.sm;0;0;104;CPM;0;104;1;0;104;1;0;104;516;90;1,467;0,224;0,157;0,357;0,007;0,732;0,354;4;0,25;1;0,699;0,238;0;0;0;0;0;1
25;j903_5.sm;0;0;75;CPM;0;75;1;1;75;1;1;75;508;90;1,467;0,208;0,124;0,35;0,006;0,758;0,213;4;0,25;1;0,689;0,203;0;0;0;0;0;1
26;j903_6.sm;0;0;68;CPM;0;68;1;0;68;1;0;68;459;90;1,467;0,225;0,135;0,29;0,011;0,774;0,262;4;0,25;1;0,709;0,219;0;0;0;0;0;1
27;j903_7.sm;0;0;87;CPM;0;87;1;0;87;1;0;87;457;90;1,467;0,208;0,157;0,314;0,003;0,694;0,346;4;0,25;1;0,719;0,241;0;0;0;0;0;1
28;j903_8.sm;0;0;86;CPM;0;86;1;1;86;1;1;86;497;90;1,467;0,222;0,135;0,4;0,004;0,756;0,255;4;0,25;1;0,687;0,225;0;0;0;0;0;1
29;j903_9.sm;0;0;61;CPM;0;61;1;7;61;1;7;61;480;90;1,467;0,192;0,124;0,322;0,004;0,749;0,277;4;0,25;1;0,703;0,199;0;0;0;0;0;1
30;j903_10.sm;0;0;65;CPM;0;65;1;0;65;1;0;65;492;90;1,467;0,187;0,135;0,386;0,011;0,78;0,301;4;0,25;1;0,685;0,218;0;0;0;0;0;1
31;j904_1.sm;0;0;93;CPM;0;93;1;0;93;1;0;93;494;90;1,467;0,217;0,169;0,389;0,011;0,779;0,403;4;0,25;1;1;0,181;0;0;0;0;0;1
32;j904_2.sm;0;0;89;CPM;0;89;1;0;89;1;0;89;500;90;1,467;0,243;0,135;0,317;0,009;0,741;0,21;4;0,25;1;1;0,216;0;0;0;0;0;1
33;j904_3.sm;0;0;67;CPM;0;67;1;0;67;1;0;67;467;90;1,467;0,218;0,135;0,372;0,005;0,719;0,239;4;0,25;1;1;0,179;0;0;0;0;0;1
34;j904_4.sm;0;0;92;CPM;0;92;1;0;92;1;0;92;495;90;1,467;0,214;0,146;0,326;0,008;0,735;0,283;4;0,25;1;1;0,193;0;0;0;0;0;1
35;j904_5.sm;0;0;88;CPM;0;88;1;0;88;1;0;88;504;90;1,467;0,216;0,135;0,276;0,005;0,719;0,251;4;0,25;1;1;0,226;0;0;0;0;0;1
36;j904_6.sm;0;0;78;CPM;0;78;1;0;78;1;0;78;486;90;1,467;0,206;0,124;0,371;0,009;0,796;0,224;4;0,25;1;1;0,17;0;0;0;0;0;1
37;j904_7.sm;0;0;80;CPM;0;80;1;0;80;1;0;80;522;90;1,467;0,19;0,135;0,442;0,007;0,774;0,355;4;0,25;1;1;0,166;0;0;0;0;0;1
38;j904_8.sm;0;0;69;CPM;0;69;1;0;69;1;0;69;420;90;1,467;0,176;0,124;0,371;0,007;0,747;0,267;4;0,25;1;1;0,175;0;0;0;0;0;1
39;j904_9.sm;0;0;79;CPM;0;79;1;0;79;1;0;79;479;90;1,467;0,216;0,124;0,308;0,016;0,782;0,174;4;0,25;1;1;0,204;0;0;0;0;0;1
40;j904_10.sm;0;0;68;CPM;0;68;1;1;68;1;1;68;466;90;1,467;0,211;0,146;0,368;0,01;0,776;0,328;4;0,25;1;1;0,138;0;0;0;0;0;1
41;j905_1.sm;0;0;78;5;0;78;3;10000;78;5;0;66;455;90;1,467;0,197;0,146;0,488;0,003;0,724;0,379;4;0,503;2,011;0,2;0,256;0;0;0;0;0;1
42;j905_2.sm;0;0;93;4;5630;93;3;10000;93;4;5630;90;500;90;1,467;0,206;0,146;0,423;0,005;0,741;0,35;4;0,503;2,011;0,205;0,285;0;0;0;0;0;1
43;j905_3.sm;0;0;85;9;25088;87;3;12000;0;0;0;62;457;90;1,467;0,165;0,112;0,394;0,008;0,8;0,268;4;0,503;2,011;0,201;0,295;0;0;0;0;0;1
44;j905_4.sm;0;0;102;10;0;102;10;0;102;10;0;90;540;90;1,467;0,213;0,146;0,439;0,008;0,785;0,32;4;0,503;2,011;0,199;0,285;0;0;0;0;0;1
45;j905_5.sm;0;0;111;11;23852000;111;3;12000;111;11;23852000;79;518;90;1,467;0,217;0,157;0,414;0,003;0,745;0,349;4;0,503;2,011;0,201;0,299;0;0;0;0;0;1
46;j905_6.sm;0;0;86;10;0;86;3;1000;86;10;0;75;492;90;1,467;0,217;0,146;0,445;0,007;0,754;0,259;4;0,503;2,011;0,196;0,266;0;0;0;0;0;1
47;j905_7.sm;0;0;107;11;14736000;107;10;0;107;11;14736000;79;488;90;1,467;0,211;0,124;0,308;0,014;0,798;0,217;4;0,503;2,011;0,206;0,301;0;0;0;0;0;1
48;j905_8.sm;0;0;101;10;0;102;10;0;0;0;0;75;519;90;1,467;0,22;0,146;0,439;0,005;0,817;0,29;4;0,503;2,011;0,204;0,294;0;0;0;0;0;1
49;j905_9.sm;0;0;115;11;4666000;115;3;1000;115;11;4666000;94;497;90;1,467;0,21;0,157;0,414;0,01;0,749;0,38;4;0,503;2,011;0,196;0,353;0;0;0;0;0;1
50;j905_10.sm;0;0;95;9;127090;96;3;12000;0;0;0;78;519;90;1,467;0,205;0,124;0,301;0,005;0,744;0,241;4;0,503;2,011;0,203;0,29;0;0;0;0;0;1
51;j906_1.sm;0;0;82;CPM;0;82;1;1;82;1;1;82;457;90;1,467;0,234;0,157;0,343;0,002;0,73;0,302;4;0,503;2,011;0,511;0,171;0;0;0;0;0;1
52;j906_2.sm;0;0;86;CPM;0;86;1;2;86;1;2;86;493;90;1,467;0,211;0,169;0,503;0,008;0,749;0,444;4;0,503;2,011;0,502;0,19;0;0;0;0;0;1
53;j906_3.sm;0;0;77;4;90;77;3;10000;77;4;90;75;510;90;1,467;0,224;0,146;0,36;0,004;0,77;0,28;4;0,503;2,011;0,503;0,199;0;0;0;0;0;1
54;j906_4.sm;0;0;80;CPM;0;80;1;2;80;1;2;80;475;90;1,467;0,181;0,124;0,364;0,006;0,738;0,284;4;0,503;2,011;0,504;0,159;0;0;0;0;0;1
55;j906_5.sm;0;0;71;CPM;0;71;1;18;71;1;18;71;498;90;1,467;0,199;0,135;0,287;0,005;0,697;0,262;4;0,503;2,011;0,506;0,176;0;0;0;0;0;1
56;j906_6.sm;0;0;98;CPM;0;98;1;8;98;1;8;98;503;90;1,467;0,226;0,157;0,471;0,012;0,732;0,318;4;0,503;2,011;0,515;0,18;0;0;0;0;0;1
57;j906_7.sm;0;0;71;CPM;0;71;1;2;71;1;2;71;470;90;1,467;0,217;0,124;0,294;0,009;0,709;0,204;4;0,503;2,011;0,504;0,158;0;0;0;0;0;1
58;j906_8.sm;0;0;68;10;0;68;3;10000;68;10;0;67;505;90;1,467;0,197;0,112;0,349;0,009;0,775;0,195;4;0,503;2,011;0,505;0,171;0;0;0;0;0;1
59;j906_9.sm;0;0;68;CPM;0;68;1;5;68;1;5;68;493;90;1,467;0,193;0,124;0,378;0,005;0,773;0,268;4;0,503;2,011;0,5;0,154;0;0;0;0;0;1
60;j906_10.sm;0;0;94;CPM;0;94;1;2;94;1;2;94;548;90;1,467;0,203;0,146;0,445;0,005;0,765;0,315;4;0,503;2,011;0,509;0,174;0;0;0;0;0;1
61;j907_1.sm;0;0;88;CPM;0;88;1;3;88;1;3;88;474;90;1,467;0,229;0,157;0,443;0,005;0,805;0,31;4;0,503;2,011;0,703;0,116;0;0;0;0;0;1
62;j907_2.sm;0;0;77;CPM;0;77;1;1;77;1;1;77;484;90;1,467;0,204;0,146;0,445;0,002;0,73;0,341;4;0,503;2,011;0,698;0,117;0;0;0;0;0;1
63;j907_3.sm;0;0;80;CPM;0;80;1;1;80;1;1;80;498;90;1,467;0,229;0,135;0,262;0,008;0,735;0,213;4;0,503;2,011;0,704;0,145;0;0;0;0;0;1
64;j907_4.sm;0;0;86;CPM;0;86;1;1;86;1;1;86;472;90;1,467;0,203;0,157;0,329;0,002;0,72;0,391;4;0,503;2,011;0,703;0,155;0;0;0;0;0;1
65;j907_5.sm;0;0;79;CPM;0;79;1;1;79;1;1;79;465;90;1,467;0,223;0,135;0,385;0,006;0,733;0,242;4;0,503;2,011;0,702;0,151;0;0;0;0;0;1
66;j907_6.sm;0;0;90;CPM;0;90;1;1;90;1;1;90;478;90;1,467;0,18;0,124;0,392;0,006;0,758;0,296;4;0,503;2,011;0,7;0,154;0;0;0;0;0;1
67;j907_7.sm;0;0;90;CPM;0;90;1;1;90;1;1;90;471;90;1,467;0,201;0,146;0,431;0,004;0,796;0,347;4;0,503;2,011;0,699;0,131;0;0;0;0;0;1
68;j907_8.sm;0;0;60;CPM;0;60;1;7;60;1;7;60;460;90;1,467;0,188;0,112;0,347;0,007;0,778;0,178;4;0,503;2,011;0,699;0,115;0;0;0;0;0;1
69;j907_9.sm;0;0;83;CPM;0;83;1;1;83;1;1;83;512;90;1,467;0,208;0,146;0,403;0,004;0,772;0,313;4;0,503;2,011;0,698;0,158;0;0;0;0;0;1
70;j907_10.sm;0;0;98;CPM;0;98;1;0;98;1;0;98;540;90;1,467;0,2;0,157;0,357;0,008;0,723;0,374;4;0,503;2,011;0,701;0,142;0;0;0;0;0;1
71;j908_1.sm;0;0;96;CPM;0;96;1;1;96;1;1;96;528;90;1,467;0,204;0,157;0,4;0,003;0,692;0,396;4;0,503;2,011;1;0,119;0;0;0;0;0;1
72;j908_2.sm;0;0;78;CPM;0;78;1;1;78;1;1;78;418;90;1,467;0,222;0,157;0,429;0,007;0,774;0,326;4;0,503;2,011;1;0,129;0;0;0;0;0;1
73;j908_3.sm;0;0;70;CPM;0;70;1;0;70;1;0;70;486;90;1,467;0,199;0,146;0,429;0,004;0,769;0,345;4;0,503;2,011;1;0,093;0;0;0;0;0;1
74;j908_4.sm;0;0;77;CPM;0;77;1;1;77;1;1;77;538;90;1,467;0,206;0,135;0,275;0,011;0,717;0,254;4;0,503;2,011;1;0,113;0;0;0;0;0;1
75;j908_5.sm;0;0;63;CPM;0;63;1;0;63;1;0;63;494;90;1,467;0,195;0,124;0,329;0,005;0,744;0,268;4;0,503;2,011;1;0,086;0;0;0;0;0;1
76;j908_6.sm;0;0;70;CPM;0;70;1;0;70;1;0;70;504;90;1,467;0,209;0,124;0,371;0,012;0,778;0,233;4;0,503;2,011;1;0,091;0;0;0;0;0;1
77;j908_7.sm;0;0;77;CPM;0;77;1;1;77;1;1;77;509;90;1,467;0,192;0,146;0,48;0,008;0,783;0,368;4;0,503;2,011;1;0,105;0;0;0;0;0;1
78;j908_8.sm;0;0;68;CPM;0;68;1;0;68;1;0;68;501;90;1,467;0,18;0,124;0,413;0,006;0,773;0,33;4;0,503;2,011;1;0,087;0;0;0;0;0;1
79;j908_9.sm;0;0;97;CPM;0;97;1;0;97;1;0;97;542;90;1,467;0,221;0,157;0,343;0,003;0,704;0,347;4;0,503;2,011;1;0,11;0;0;0;0;0;1
80;j908_10.sm;0;0;88;CPM;0;88;1;0;88;1;0;88;478;90;1,467;0,196;0,146;0,431;0,011;0,77;0,34;4;0,503;2,011;1;0,115;0;0;0;0;0;1
81;j909_1.sm;0;0;100;11;0;104;10;0;0;0;0;80;479;90;1,467;0,2;0,157;0,386;0,002;0,694;0,375;4;0,753;3,011;0,198;0,233;0;0;0;0;0;1
82;j909_2.sm;0;0;122;9;88028;128;3;12000;0;0;0;92;523;90;1,467;0,224;0,157;0,386;0,003;0,711;0,318;4;0,753;3,011;0,198;0,254;0;0;0;0;0;1
83;j909_3.sm;0;0;98;7;3600010;102;3;12000;0;0;0;67;472;90;1,467;0,193;0,124;0,294;0,01;0,727;0,246;4;0,753;3,011;0,196;0,237;0;0;0;0;0;1
84;j909_4.sm;0;0;121;9;279013;127;3;12000;0;0;0;81;511;90;1,467;0,225;0,135;0,317;0,007;0,758;0,2;4;0,753;3,011;0,201;0,262;0;0;0;0;0;1
85;j909_5.sm;0;0;132;10;0;139;3;12000;0;0;0;89;510;90;1,467;0,218;0,124;0,266;0,01;0,727;0,176;4;0,753;3,011;0,201;0,285;0;0;0;0;0;1
86;j909_6.sm;0;0;113;7;3600020;118;3;12000;0;0;0;88;507;90;1,467;0,21;0,157;0,414;0,006;0,798;0,362;4;0,753;3,011;0,201;0,25;0;0;0;0;0;1
87;j909_7.sm;0;0;103;9;9015;108;3;12000;0;0;0;74;502;90;1,467;0,196;0,135;0,358;0,005;0,749;0,319;4;0,753;3,011;0,201;0,257;0;0;0;0;0;1
88;j909_8.sm;0;0;111;9;27063;116;3;12000;0;0;0;75;501;90;1,467;0,21;0,124;0,35;0,009;0,787;0,252;4;0,753;3,011;0,196;0,254;0;0;0;0;0;1
89;j909_9.sm;0;0;107;11;0;115;3;13000;0;0;0;77;483;90;1,467;0,21;0,135;0,415;0,005;0,77;0,278;4;0,753;3,011;0,205;0,262;0;0;0;0;0;1
90;j909_10.sm;0;0;105;7;3600010;111;3;1000;0;0;0;77;501;90;1,467;0,234;0,135;0,288;0,009;0,764;0,214;4;0,753;3,011;0,195;0,245;0;0;0;0;0;1
91;j9010_1.sm;0;0;77;CPM;0;77;1;3;77;1;3;77;488;90;1,467;0,197;0,124;0,413;0,01;0,784;0,256;4;0,753;3,011;0,502;0,122;0;0;0;0;0;1
92;j9010_2.sm;0;0;95;CPM;0;95;1;1;95;1;1;95;527;90;1,467;0,242;0,169;0,317;0,006;0,717;0,324;4;0,753;3,011;0,508;0,159;0;0;0;0;0;1
93;j9010_3.sm;0;0;112;CPM;0;112;1;1;112;1;1;112;520;90;1,467;0,214;0,157;0,486;0,005;0,764;0,354;4;0,753;3,011;0,508;0,151;0;0;0;0;0;1
94;j9010_4.sm;0;0;94;CPM;0;94;1;3;94;1;3;94;541;90;1,467;0,204;0,146;0,474;0,008;0,759;0,342;4;0,753;3,011;0,505;0,111;0;0;0;0;0;1
95;j9010_5.sm;0;0;78;CPM;0;78;1;3;78;1;3;78;528;90;1,467;0,183;0,157;0,443;0,008;0,785;0,45;4;0,753;3,011;0,505;0,111;0;0;0;0;0;1
96;j9010_6.sm;0;0;92;CPM;0;92;1;1;92;1;1;92;451;90;1,467;0,214;0,18;0,461;0,005;0,757;0,408;4;0,753;3,011;0,502;0,143;0;0;0;0;0;1
97;j9010_7.sm;0;0;83;CPM;0;83;1;3;83;1;3;83;487;90;1,467;0,182;0,124;0,413;0,013;0,816;0,303;4;0,753;3,011;0,504;0,125;0;0;0;0;0;1
98;j9010_8.sm;0;0;81;CPM;0;81;1;1;81;1;1;81;488;90;1,467;0,208;0,135;0,372;0,012;0,834;0,281;4;0,753;3,011;0,5;0,161;0;0;0;0;0;1
99;j9010_9.sm;0;0;88;CPM;0;88;1;1;88;1;1;88;503;90;1,467;0,234;0,146;0,346;0,006;0,741;0,269;4;0,753;3,011;0,502;0,132;0;0;0;0;0;1
100;j9010_10.sm;0;0;75;CPM;0;75;1;5515;75;1;5515;75;466;90;1,467;0,23;0,146;0,451;0,007;0,763;0,283;4;0,753;3,011;0,502;0,14;0;0;0;0;0;1
101;j9011_1.sm;0;0;86;CPM;0;86;1;1;86;1;1;86;493;90;1,467;0,225;0,146;0,409;0,005;0,772;0,289;4;0,753;3,011;0,7;0,121;0;0;0;0;0;1
102;j9011_2.sm;0;0;99;CPM;0;99;1;1;99;1;1;99;515;90;1,467;0,255;0,18;0,223;0,007;0,68;0,319;4;0,753;3,011;0,694;0,149;0;0;0;0;0;1
103;j9011_3.sm;0;0;69;CPM;0;69;1;1;69;1;1;69;475;90;1,467;0,197;0,124;0,434;0,01;0,791;0,231;4;0,753;3,011;0,704;0,109;0;0;0;0;0;1
104;j9011_4.sm;0;0;64;CPM;0;64;1;1;64;1;1;64;484;90;1,467;0,199;0,124;0,392;0,004;0,811;0,258;4;0,753;3,011;0,704;0,113;0;0;0;0;0;1
105;j9011_5.sm;0;0;81;CPM;0;81;1;1;81;1;1;81;490;90;1,467;0,213;0,157;0,414;0,013;0,791;0,374;4;0,753;3,011;0,698;0,102;0;0;0;0;0;1
106;j9011_6.sm;0;0;78;CPM;0;78;1;1;78;1;1;78;531;90;1,467;0,21;0,135;0,373;0,005;0,749;0,282;4;0,753;3,011;0,701;0,103;0;0;0;0;0;1
107;j9011_7.sm;0;0;95;CPM;0;95;1;0;95;1;0;95;477;90;1,467;0,239;0,169;0,312;0,007;0,724;0,348;4;0,753;3,011;0,702;0,108;0;0;0;0;0;1
108;j9011_8.sm;0;0;82;CPM;0;82;1;1;82;1;1;82;502;90;1,467;0,192;0,135;0,345;0,017;0,792;0,314;4;0,753;3,011;0,703;0,121;0;0;0;0;0;1
109;j9011_9.sm;0;0;81;CPM;0;81;1;1;81;1;1;81;492;90;1,467;0,208;0,124;0,385;0,013;0,807;0,237;4;0,753;3,011;0,703;0,116;0;0;0;0;0;1
110;j9011_10.sm;0;0;81;CPM;0;81;1;0;81;1;0;81;455;90;1,467;0,223;0,146;0,32;0,011;0,757;0,287;4;0,753;3,011;0,703;0,128;0;0;0;0;0;1
111;j9012_1.sm;0;0;71;CPM;0;71;1;1;71;1;1;71;485;90;1,467;0,212;0,146;0,338;0,003;0,702;0,341;4;0,753;3,011;1;0,071;0;0;0;0;0;1
112;j9012_2.sm;0;0;71;CPM;0;71;1;0;71;1;0;71;463;90;1,467;0,205;0,135;0,429;0,007;0,77;0,275;4;0,753;3,011;1;0,068;0;0;0;0;0;1
113;j9012_3.sm;0;0;93;CPM;0;93;1;1;93;1;1;93;538;90;1,467;0,24;0,146;0,326;0,006;0,75;0,239;4;0,753;3,011;1;0,078;0;0;0;0;0;1
114;j9012_4.sm;0;0;73;CPM;0;73;1;1;73;1;1;73;527;90;1,467;0,222;0,169;0,485;0,011;0,806;0,374;4;0,753;3,011;1;0,069;0;0;0;0;0;1
115;j9012_5.sm;0;0;83;CPM;0;83;1;0;83;1;0;83;503;90;1,467;0,206;0,135;0,443;0,006;0,78;0,282;4;0,753;3,011;1;0,07;0;0;0;0;0;1
116;j9012_6.sm;0;0;81;CPM;0;81;1;0;81;1;0;81;481;90;1,467;0,2;0,146;0,417;0,007;0,774;0,365;4;0,753;3,011;1;0,074;0;0;0;0;0;1
117;j9012_7.sm;0;0;77;CPM;0;77;1;0;77;1;0;77;524;90;1,467;0,209;0,124;0,308;0,003;0,747;0,198;4;0,753;3,011;1;0,073;0;0;0;0;0;1
118;j9012_8.sm;0;0;83;CPM;0;83;1;0;83;1;0;83;480;90;1,467;0,201;0,135;0,415;0,013;0,806;0,288;4;0,753;3,011;1;0,07;0;0;0;0;0;1
119;j9012_9.sm;0;0;77;CPM;0;77;1;1;77;1;1;77;513;90;1,467;0,228;0,135;0,289;0,009;0,758;0,25;4;0,753;3,011;1;0,072;0;0;0;0;0;1
120;j9012_10.sm;0;0;86;CPM;0;86;1;1;86;1;1;86;482;90;1,467;0,225;0,157;0,357;0,008;0,747;0,348;4;0,753;3,011;1;0,083;0;0;0;0;0;1
121;j9013_1.sm;0;0;130;9;564051;137;8;0;0;0;0;82;455;90;1,467;0,214;0,146;0,346;0,003;0,709;0,313;4;1;4;0,205;0,257;0;0;0;0;0;1
122;j9013_2.sm;0;0;121;9;576068;126;8;0;0;0;0;77;524;90;1,467;0,218;0,135;0,372;0,008;0,798;0,276;4;1;4;0,201;0,212;0;0;0;0;0;1
123;j9013_3.sm;0;0;105;9;48065;108;3;12000;0;0;0;80;475;90;1,467;0,214;0,146;0,474;0,006;0,791;0,307;4;1;4;0,198;0,203;0;0;0;0;0;1
124;j9013_4.sm;0;0;109;6;0;112;3;12000;0;0;0;81;495;90;1,467;0,208;0,135;0,455;0,006;0,772;0,274;4;1;4;0,199;0,199;0;0;0;0;0;1
125;j9013_5.sm;0;0;109;9;81092;115;3;12000;0;0;0;79;498;90;1,467;0,209;0,135;0,4;0,005;0,766;0,286;4;1;4;0,202;0,2;0;0;0;0;0;1
126;j9013_6.sm;0;0;118;7;3600010;123;3;12000;0;0;0;76;479;90;1,467;0,212;0,146;0,366;0,009;0,744;0,311;4;1;4;0,198;0,222;0;0;0;0;0;1
127;j9013_7.sm;0;0;117;11;0;124;3;12000;0;0;0;89;499;90;1,467;0,219;0,169;0,422;0,005;0,767;0,393;4;1;4;0,201;0,218;0;0;0;0;0;1
128;j9013_8.sm;0;0;113;9;4073;116;3;12000;0;0;0;59;496;90;1,467;0,175;0,101;0,361;0,01;0,825;0,157;4;1;4;0,2;0,197;0;0;0;0;0;1
129;j9013_9.sm;0;0;118;9;77009;123;3;13000;0;0;0;82;435;90;1,467;0,232;0,157;0,343;0,006;0,781;0,251;4;1;4;0,199;0,241;0;0;0;0;0;1
130;j9013_10.sm;0;0;114;9;294074;119;3;12000;0;0;0;70;487;90;1,467;0,183;0,112;0,394;0,006;0,817;0,232;4;1;4;0,198;0,215;0;0;0;0;0;1
131;j9014_1.sm;0;0;89;CPM;0;89;1;1;89;1;1;89;500;90;1,467;0,203;0,124;0,357;0,01;0,811;0,183;4;1;4;0,503;0,119;0;0;0;0;0;1
132;j9014_2.sm;0;0;79;CPM;0;79;1;1;79;1;1;79;473;90;1,467;0,195;0,146;0,411;0,007;0,781;0,368;4;1;4;0,502;0,117;0;0;0;0;0;1
133;j9014_3.sm;0;0;94;CPM;0;94;1;3;94;1;3;94;498;90;1,467;0,2;0,135;0,386;0,001;0,733;0,319;4;1;4;0,503;0,106;0;0;0;0;0;1
134;j9014_4.sm;0;0;88;CPM;0;88;1;3;88;1;3;88;499;90;1,467;0,237;0,157;0,357;0,006;0,752;0,304;4;1;4;0,502;0,121;0;0;0;0;0;1
135;j9014_5.sm;0;0;84;CPM;0;84;1;1;84;1;1;84;492;90;1,467;0,187;0,124;0,406;0,008;0,778;0,295;4;1;4;0,501;0,105;0;0;0;0;0;1
136;j9014_6.sm;0;0;76;CPM;0;76;7;1487890;76;7;1487890;76;513;90;1,467;0,2;0,135;0,373;0,006;0,772;0,293;4;1;4;0,502;0,116;0;0;0;0;0;1
137;j9014_7.sm;0;0;86;CPM;0;86;1;10;86;1;10;86;500;90;1,467;0,205;0,124;0,371;0,002;0,749;0,221;4;1;4;0,503;0,091;0;0;0;0;0;1
138;j9014_8.sm;0;0;80;CPM;0;80;1;3;80;1;3;80;517;90;1,467;0,196;0,124;0,378;0,012;0,796;0,262;4;1;4;0,502;0,108;0;0;0;0;0;1
139;j9014_9.sm;0;0;112;CPM;0;112;1;0;112;1;0;112;532;90;1,467;0,231;0,18;0,417;0,005;0,72;0,375;4;1;4;0,505;0,13;0;0;0;0;0;1
140;j9014_10.sm;0;0;85;CPM;0;85;1;4;85;1;4;85;498;90;1,467;0,207;0,135;0,358;0;0,725;0,275;4;1;4;0,504;0,122;0;0;0;0;0;1
141;j9015_1.sm;0;0;76;CPM;0;76;1;1;76;1;1;76;451;90;1,467;0,216;0,135;0,345;0,007;0,778;0,271;4;1;4;0,697;0,083;0;0;0;0;0;1
142;j9015_2.sm;0;0;71;CPM;0;71;1;2;71;1;2;71;501;90;1,467;0,178;0,135;0,399;0,009;0,754;0,359;4;1;4;0,699;0,084;0;0;0;0;0;1
143;j9015_3.sm;0;0;82;CPM;0;82;1;1;82;1;1;82;480;90;1,467;0,204;0,146;0,31;0,009;0,752;0,33;4;1;4;0,703;0,094;0;0;0;0;0;1
144;j9015_4.sm;0;0;92;CPM;0;92;1;2;92;1;2;92;498;90;1,467;0,179;0,124;0,42;0,007;0,793;0,315;4;1;4;0,696;0,082;0;0;0;0;0;1
145;j9015_5.sm;0;0;93;CPM;0;93;1;0;93;1;0;93;498;90;1,467;0,233;0,157;0,286;0,011;0,737;0,286;4;1;4;0,701;0,116;0;0;0;0;0;1
146;j9015_6.sm;0;0;61;CPM;0;61;1;1;61;1;1;61;491;90;1,467;0,189;0,146;0,474;0,007;0,769;0,386;4;1;4;0,701;0,08;0;0;0;0;0;1
147;j9015_7.sm;0;0;82;CPM;0;82;1;0;82;1;0;82;474;90;1,467;0,189;0,124;0,294;0,008;0,736;0,203;4;1;4;0,701;0,095;0;0;0;0;0;1
148;j9015_8.sm;0;0;82;CPM;0;82;1;1;82;1;1;82;477;90;1,467;0,22;0,146;0,397;0,005;0,737;0,314;4;1;4;0,702;0,101;0;0;0;0;0;1
149;j9015_9.sm;0;0;83;CPM;0;83;1;1;83;1;1;83;499;90;1,467;0,222;0,146;0,423;0,005;0,776;0,267;4;1;4;0,701;0,081;0;0;0;0;0;1
150;j9015_10.sm;0;0;78;CPM;0;78;1;1;78;1;1;78;480;90;1,467;0,23;0,146;0,417;0,008;0,787;0,319;4;1;4;0,698;0,097;0;0;0;0;0;1
151;j9016_1.sm;0;0;85;CPM;0;85;1;1;85;1;1;85;509;90;1,467;0,223;0,135;0,358;0,006;0,776;0,234;4;1;4;1;0,063;0;0;0;0;0;1
152;j9016_2.sm;0;0;71;CPM;0;71;1;0;71;1;0;71;475;90;1,467;0,198;0,146;0,425;0,011;0,776;0,373;4;1;4;1;0,067;0;0;0;0;0;1
153;j9016_3.sm;0;0;73;CPM;0;73;1;0;73;1;0;73;498;90;1,467;0,208;0,146;0,368;0,012;0,781;0,333;4;1;4;1;0,077;0;0;0;0;0;1
154;j9016_4.sm;0;0;69;CPM;0;69;1;0;69;1;0;69;490;90;1,467;0,195;0,124;0,378;0,006;0,813;0,282;4;1;4;1;0,066;0;0;0;0;0;1
155;j9016_5.sm;0;0;71;CPM;0;71;1;0;71;1;0;71;456;90;1,467;0,221;0,146;0,277;0,01;0,754;0,305;4;1;4;1;0,064;0;0;0;0;0;1
156;j9016_6.sm;0;0;74;CPM;0;74;1;1;74;1;1;74;532;90;1,467;0,192;0,112;0,366;0,01;0,83;0,161;4;1;4;1;0,048;0;0;0;0;0;1
157;j9016_7.sm;0;0;65;CPM;0;65;1;0;65;1;0;65;432;90;1,467;0,209;0,146;0,247;0,003;0,696;0,32;4;1;4;1;0,068;0;0;0;0;0;1
158;j9016_8.sm;0;0;71;CPM;0;71;1;1;71;1;1;71;478;90;1,467;0,245;0,146;0,431;0,009;0,778;0,303;4;1;4;1;0,06;0;0;0;0;0;1
159;j9016_9.sm;0;0;66;CPM;0;66;1;1;66;1;1;66;527;90;1,467;0,21;0,135;0,316;0,009;0,725;0,297;4;1;4;1;0,066;0;0;0;0;0;1
160;j9016_10.sm;0;0;71;CPM;0;71;1;0;71;1;0;71;452;90;1,467;0,209;0,146;0,403;0,011;0,77;0,32;4;1;4;1;0,073;0;0;0;0;0;1
161;j9017_1.sm;0;0;92;10;0;92;7;3600010;92;10;0;78;513;90;1,778;0,28;0,124;0,329;0,013;0,79;0,192;4;0,25;1;0,206;0,409;0;0;0;0;0;1
162;j9017_2.sm;0;0;100;7;16580;100;1;66661;100;7;16580;87;496;90;1,778;0,297;0,157;0,286;0,009;0,782;0,24;4;0,25;1;0,191;0,42;0;0;0;0;0;1
163;j9017_3.sm;0;0;89;1;17808;89;1;17808;89;1;17808;86;502;90;1,778;0,313;0,146;0,31;0,012;0,767;0,222;4;0,25;1;0,203;0,35;0;0;0;0;0;1
164;j9017_4.sm;0;0;94;1;18103;94;1;18103;94;1;18103;92;481;90;1,778;0,336;0,18;0,334;0,01;0,732;0,326;4;0,25;1;0,201;0,383;0;0;0;0;0;1
165;j9017_5.sm;0;0;113;1;4;113;1;4;113;1;4;109;460;90;1,778;0,322;0,18;0,354;0,011;0,781;0,313;4;0,25;1;0,198;0,416;0;0;0;0;0;1
166;j9017_6.sm;0;0;94;2;25;94;7;390;94;7;390;91;498;90;1,778;0,31;0,146;0,338;0,016;0,792;0,251;4;0,25;1;0,194;0,407;0;0;0;0;0;1
167;j9017_7.sm;0;0;80;2;20;80;1;60010;80;7;370;73;481;90;1,778;0,285;0,135;0,33;0,01;0,775;0,232;4;0,25;1;0,187;0,366;0;0;0;0;0;1
168;j9017_8.sm;0;0;113;10;0;113;1;60457;113;10;0;101;502;90;1,778;0,316;0,18;0,338;0,021;0,753;0,336;4;0,25;1;0,218;0,442;0;0;0;0;0;1
169;j9017_9.sm;0;0;96;7;607650;96;1;60315;96;7;607650;80;483;90;1,778;0,324;0,146;0,249;0,012;0,747;0,212;4;0,25;1;0,207;0,449;0;0;0;0;0;1
170;j9017_10.sm;0;0;89;10;0;89;3;10000;89;10;0;81;494;90;1,778;0,314;0,169;0,317;0,005;0,732;0,339;4;0,25;1;0,192;0,407;0;0;0;0;0;1
171;j9018_1.sm;0;0;101;CPM;0;101;1;1;101;1;1;101;538;90;1,778;0,316;0,146;0,298;0,01;0,749;0,199;4;0,25;1;0,527;0,286;0;0;0;0;0;1
172;j9018_2.sm;0;0;94;CPM;0;94;1;1;94;1;1;94;494;90;1,778;0,281;0,135;0,207;0,012;0,746;0,193;4;0,25;1;0,519;0,296;0;0;0;0;0;1
173;j9018_3.sm;0;0;83;CPM;0;83;1;1;83;1;1;83;498;90;1,778;0,299;0,146;0,383;0,017;0,807;0,271;4;0,25;1;0,505;0,275;0;0;0;0;0;1
174;j9018_4.sm;0;0;98;CPM;0;98;1;1;98;1;1;98;530;90;1,778;0,314;0,146;0,36;0,018;0,796;0,263;4;0,25;1;0,511;0,276;0;0;0;0;0;1
175;j9018_5.sm;0;0;90;CPM;0;90;1;1;90;1;1;90;506;90;1,778;0,307;0,169;0,312;0,018;0,748;0,312;4;0,25;1;0,511;0,284;0;0;0;0;0;1
176;j9018_6.sm;0;0;83;CPM;0;83;1;1;83;1;1;83;514;90;1,778;0,301;0,135;0,249;0,012;0,763;0,182;4;0,25;1;0,512;0,29;0;0;0;0;0;1
177;j9018_7.sm;0;0;73;CPM;0;73;1;0;73;1;0;73;432;90;1,778;0,331;0,169;0,326;0,023;0,79;0,272;4;0,25;1;0,528;0,3;0;0;0;0;0;1
178;j9018_8.sm;0;0;92;CPM;0;92;1;1;92;1;1;92;513;90;1,778;0,316;0,157;0,329;0,013;0,785;0,218;4;0,25;1;0,515;0,247;0;0;0;0;0;1
179;j9018_9.sm;0;0;79;CPM;0;79;1;0;79;1;0;79;474;90;1,778;0,311;0,169;0,323;0,015;0,76;0,277;4;0,25;1;0,509;0,244;0;0;0;0;0;1
180;j9018_10.sm;0;0;94;CPM;0;94;1;1;94;1;1;94;494;90;1,778;0,339;0,169;0,222;0,013;0,758;0,212;4;0,25;1;0,523;0,287;0;0;0;0;0;1
181;j9019_1.sm;0;0;98;CPM;0;98;1;1;98;1;1;98;502;90;1,778;0,288;0,169;0,407;0,016;0,797;0,355;4;0,25;1;0,707;0,246;0;0;0;0;0;1
182;j9019_2.sm;0;0;83;CPM;0;83;1;0;83;1;0;83;459;90;1,778;0,301;0,157;0,3;0,018;0,767;0,31;4;0,25;1;0,693;0,236;0;0;0;0;0;1
183;j9019_3.sm;0;0;89;CPM;0;89;1;0;89;1;0;89;497;90;1,778;0,312;0,146;0,36;0,013;0,789;0,261;4;0,25;1;0,695;0,234;0;0;0;0;0;1
184;j9019_4.sm;0;0;77;CPM;0;77;1;1;77;1;1;77;506;90;1,778;0,295;0,135;0,261;0,016;0,781;0,176;4;0,25;1;0,702;0,227;0;0;0;0;0;1
185;j9019_5.sm;0;0;66;CPM;0;66;1;0;66;1;0;66;402;90;1,778;0,29;0,146;0,261;0,01;0,749;0,277;4;0,25;1;0,695;0,224;0;0;0;0;0;1
186;j9019_6.sm;0;0;136;CPM;0;136;1;1;136;1;1;136;507;90;1,778;0,367;0,191;0,279;0,024;0,706;0,272;4;0,25;1;0,694;0,274;0;0;0;0;0;1
187;j9019_7.sm;0;0;66;CPM;0;66;1;0;66;1;0;66;466;90;1,778;0,309;0,157;0,414;0,014;0,811;0,245;4;0,25;1;0,703;0,239;0;0;0;0;0;1
188;j9019_8.sm;0;0;91;CPM;0;91;1;0;91;1;0;91;509;90;1,778;0,296;0,135;0,289;0,018;0,803;0,211;4;0,25;1;0,704;0,243;0;0;0;0;0;1
189;j9019_9.sm;0;0;121;CPM;0;121;1;1;121;1;1;121;541;90;1,778;0,321;0,191;0,353;0,014;0,743;0,35;4;0,25;1;0,7;0,248;0;0;0;0;0;1
190;j9019_10.sm;0;0;85;CPM;0;85;1;0;85;1;0;85;479;90;1,778;0,301;0,146;0,298;0,013;0,783;0,22;4;0,25;1;0,696;0,205;0;0;0;0;0;1
191;j9020_1.sm;0;0;85;CPM;0;85;1;0;85;1;0;85;543;90;1,778;0,296;0,146;0,395;0,01;0,79;0,227;4;0,25;1;1;0,189;0;0;0;0;0;1
192;j9020_2.sm;0;0;76;CPM;0;76;1;0;76;1;0;76;500;90;1,778;0,32;0,146;0,312;0,013;0,784;0,228;4;0,25;1;1;0,199;0;0;0;0;0;1
193;j9020_3.sm;0;0;86;CPM;0;86;1;0;86;1;0;86;518;90;1,778;0,263;0,135;0,234;0,01;0,725;0,185;4;0,25;1;1;0,189;0;0;0;0;0;1
194;j9020_4.sm;0;0;86;CPM;0;86;1;0;86;1;0;86;499;90;1,778;0,329;0,157;0,3;0,009;0,758;0,212;4;0,25;1;1;0,216;0;0;0;0;0;1
195;j9020_5.sm;0;0;88;CPM;0;88;1;0;88;1;0;88;475;90;1,778;0,287;0,146;0,281;0,002;0,759;0,243;4;0,25;1;1;0,18;0;0;0;0;0;1
196;j9020_6.sm;0;0;83;CPM;0;83;1;0;83;1;0;83;504;90;1,778;0,298;0,124;0,231;0,013;0,777;0,139;4;0,25;1;1;0,196;0;0;0;0;0;1
197;j9020_7.sm;0;0;82;CPM;0;82;1;0;82;1;0;82;480;90;1,778;0,316;0,18;0,479;0,012;0,815;0,305;4;0,25;1;1;0,16;0;0;0;0;0;1
198;j9020_8.sm;0;0;85;CPM;0;85;1;0;85;1;0;85;552;90;1,778;0,287;0,135;0,261;0,017;0,777;0,192;4;0,25;1;1;0,201;0;0;0;0;0;1
199;j9020_9.sm;0;0;76;CPM;0;76;1;1;76;1;1;76;424;90;1,778;0,301;0,169;0,432;0,01;0,793;0,321;4;0,25;1;1;0,16;0;0;0;0;0;1
200;j9020_10.sm;0;0;89;CPM;0;89;1;0;89;1;0;89;514;90;1,778;0,321;0,169;0,384;0,012;0,797;0,273;4;0,25;1;1;0,234;0;0;0;0;0;1
201;j9021_1.sm;0;0;110;10;0;110;3;12000;110;10;0;76;469;90;1,778;0,291;0,157;0,386;0,008;0,778;0,278;4;0,503;2,011;0,193;0,364;0;0;0;0;0;1
202;j9021_2.sm;0;0;116;5;0;116;3;10000;116;5;0;93;486;90;1,778;0,283;0,146;0,32;0,012;0,795;0,238;4;0,503;2,011;0,199;0,327;0;0;0;0;0;1
203;j9021_3.sm;0;0;124;10;0;124;3;101000;124;10;0;101;489;90;1,778;0,324;0,157;0,329;0,015;0,801;0,238;4;0,503;2,011;0,2;0,334;0;0;0;0;0;1
204;j9021_4.sm;0;0;106;4;11750;106;3;10000;106;4;11750;90;437;90;1,778;0,325;0,169;0,306;0,012;0,765;0,296;4;0,503;2,011;0,201;0,314;0;0;0;0;0;1
205;j9021_5.sm;0;0;112;5;0;112;3;10000;112;5;0;80;515;90;1,778;0,297;0,146;0,283;0,021;0,812;0,27;4;0,503;2,011;0,201;0,314;0;0;0;0;0;1
206;j9021_6.sm;0;0;106;4;1448080;106;3;10000;106;4;1448080;87;529;90;1,778;0,337;0,146;0,255;0,014;0,765;0,187;4;0,503;2,011;0,2;0,289;0;0;0;0;0;1
207;j9021_7.sm;0;0;109;11;19497000;109;3;12000;109;11;19497000;91;476;90;1,778;0,347;0,157;0,229;0,014;0,764;0,21;4;0,503;2,011;0,203;0,344;0;0;0;0;0;1
208;j9021_8.sm;0;0;111;11;12518000;111;3;1000;111;11;12518000;85;523;90;1,778;0,32;0,157;0,329;0,013;0,787;0,267;4;0,503;2,011;0,211;0,316;0;0;0;0;0;1
209;j9021_9.sm;0;0;121;5;0;121;3;128000;121;5;0;91;510;90;1,778;0,291;0,146;0,312;0,035;0,816;0,198;4;0,503;2,011;0,211;0,329;0;0;0;0;0;1
210;j9021_10.sm;0;0;109;4;429840;109;3;10000;109;4;429840;81;478;90;1,778;0,302;0,146;0,289;0,01;0,759;0,264;4;0,503;2,011;0,195;0,325;0;0;0;0;0;1
211;j9022_1.sm;0;0;108;CPM;0;108;1;1;108;1;1;108;489;90;1,778;0,325;0,202;0,333;0,02;0,77;0,397;4;0,503;2,011;0,506;0,21;0;0;0;0;0;1
212;j9022_2.sm;0;0;85;CPM;0;85;1;0;85;1;0;85;485;90;1,778;0,317;0,146;0,277;0,007;0,749;0,176;4;0,503;2,011;0,505;0,189;0;0;0;0;0;1
213;j9022_3.sm;0;0;83;CPM;0;83;7;20410;83;7;20410;83;507;90;1,778;0,326;0,146;0,326;0,013;0,798;0,229;4;0,503;2,011;0,515;0,192;0;0;0;0;0;1
214;j9022_4.sm;0;0;96;CPM;0;96;1;1;96;1;1;96;518;90;1,778;0,317;0,146;0,289;0,006;0,744;0,183;4;0,503;2,011;0,505;0,207;0;0;0;0;0;1
215;j9022_5.sm;0;0;96;CPM;0;96;1;0;96;1;0;96;480;90;1,778;0,317;0,169;0,25;0,006;0,75;0,29;4;0,503;2,011;0,514;0,221;0;0;0;0;0;1
216;j9022_6.sm;0;0;71;CPM;0;71;1;2;71;1;2;71;489;90;1,778;0,277;0,124;0,28;0,018;0,762;0,166;4;0,503;2,011;0,507;0,177;0;0;0;0;0;1
217;j9022_7.sm;0;0;90;CPM;0;90;1;0;90;1;0;90;486;90;1,778;0,31;0,157;0,386;0,012;0,805;0,22;4;0,503;2,011;0,511;0,207;0;0;0;0;0;1
218;j9022_8.sm;0;0;97;CPM;0;97;1;3;97;1;3;97;500;90;1,778;0,281;0,169;0,441;0,006;0,78;0,354;4;0,503;2,011;0,504;0,154;0;0;0;0;0;1
219;j9022_9.sm;0;0;101;2;29;101;7;420;101;7;420;97;507;90;1,778;0,318;0,169;0,288;0,016;0,776;0,247;4;0,503;2,011;0,51;0,241;0;0;0;0;0;1
220;j9022_10.sm;0;0;75;CPM;0;75;7;820;75;7;820;75;514;90;1,778;0,291;0,135;0,275;0,017;0,756;0,213;4;0,503;2,011;0,507;0,196;0;0;0;0;0;1
221;j9023_1.sm;0;0;90;CPM;0;90;1;1;90;1;1;90;503;90;1,778;0,299;0,157;0,257;0,008;0,737;0,258;4;0,503;2,011;0,696;0,174;0;0;0;0;0;1
222;j9023_2.sm;0;0;84;CPM;0;84;1;1;84;1;1;84;530;90;1,778;0,295;0,135;0,358;0,011;0,804;0,194;4;0,503;2,011;0,708;0,141;0;0;0;0;0;1
223;j9023_3.sm;0;0;116;CPM;0;116;1;0;116;1;0;116;508;90;1,778;0,362;0,191;0,412;0,012;0,772;0,315;4;0,503;2,011;0,705;0,156;0;0;0;0;0;1
224;j9023_4.sm;0;0;85;CPM;0;85;1;0;85;1;0;85;494;90;1,778;0,29;0,135;0,289;0,012;0,773;0,209;4;0,503;2,011;0,696;0,181;0;0;0;0;0;1
225;j9023_5.sm;0;0;95;CPM;0;95;1;1;95;1;1;95;537;90;1,778;0,344;0,157;0,329;0,008;0,778;0,256;4;0,503;2,011;0,707;0,156;0;0;0;0;0;1
226;j9023_6.sm;0;0;87;CPM;0;87;1;1;87;1;1;87;440;90;1,778;0,328;0,157;0,314;0,015;0,801;0,201;4;0,503;2,011;0,693;0,175;0;0;0;0;0;1
227;j9023_7.sm;0;0;77;CPM;0;77;1;0;77;1;0;77;473;90;1,778;0,281;0,135;0,302;0,009;0,768;0,198;4;0,503;2,011;0,7;0,168;0;0;0;0;0;1
228;j9023_8.sm;0;0;92;CPM;0;92;1;0;92;1;0;92;473;90;1,778;0,317;0,169;0,427;0,013;0,765;0,303;4;0,503;2,011;0,695;0,145;0;0;0;0;0;1
229;j9023_9.sm;0;0;126;CPM;0;126;1;1;126;1;1;126;507;90;1,778;0,303;0,18;0,388;0,014;0,789;0,306;4;0,503;2,011;0,694;0,197;0;0;0;0;0;1
230;j9023_10.sm;0;0;87;CPM;0;87;1;0;87;1;0;87;514;90;1,778;0,322;0,146;0,263;0,02;0,764;0,22;4;0,503;2,011;0,706;0,148;0;0;0;0;0;1
231;j9024_1.sm;0;0;84;CPM;0;84;1;0;84;1;0;84;520;90;1,778;0,274;0,146;0,332;0,008;0,753;0,273;4;0,503;2,011;1;0,111;0;0;0;0;0;1
232;j9024_2.sm;0;0;92;CPM;0;92;1;0;92;1;0;92;504;90;1,778;0,309;0,157;0,257;0,009;0,761;0,223;4;0,503;2,011;1;0,135;0;0;0;0;0;1
233;j9024_3.sm;0;0;69;CPM;0;69;1;0;69;1;0;69;434;90;1,778;0,278;0,124;0,336;0,016;0,796;0,177;4;0,503;2,011;1;0,11;0;0;0;0;0;1
234;j9024_4.sm;0;0;81;CPM;0;81;1;0;81;1;0;81;509;90;1,778;0,288;0,157;0,243;0,008;0,717;0,287;4;0,503;2,011;1;0,143;0;0;0;0;0;1
235;j9024_5.sm;0;0;85;CPM;0;85;1;1;85;1;1;85;475;90;1,778;0,29;0,146;0,275;0,01;0,765;0,237;4;0,503;2,011;1;0,117;0;0;0;0;0;1
236;j9024_6.sm;0;0;79;CPM;0;79;1;0;79;1;0;79;509;90;1,778;0,284;0,135;0,372;0,018;0,828;0,254;4;0,503;2,011;1;0,11;0;0;0;0;0;1
237;j9024_7.sm;0;0;87;CPM;0;87;1;0;87;1;0;87;510;90;1,778;0,31;0,157;0,4;0,01;0,793;0,305;4;0,503;2,011;1;0,113;0;0;0;0;0;1
238;j9024_8.sm;0;0;88;CPM;0;88;1;0;88;1;0;88;512;90;1,778;0,304;0,135;0,331;0,014;0,807;0,209;4;0,503;2,011;1;0,116;0;0;0;0;0;1
239;j9024_9.sm;0;0;80;CPM;0;80;1;0;80;1;0;80;494;90;1,778;0,319;0,157;0,329;0,015;0,781;0,243;4;0,503;2,011;1;0,122;0;0;0;0;0;1
240;j9024_10.sm;0;0;89;CPM;0;89;1;1;89;1;1;89;498;90;1,778;0,325;0,169;0,24;0,012;0,702;0,253;4;0,503;2,011;1;0,125;0;0;0;0;0;1
241;j9025_1.sm;0;0;117;9;36073;124;3;1000;0;0;0;94;479;90;1,778;0,304;0,146;0,403;0,021;0,837;0,273;4;0,753;3,011;0,204;0,272;0;0;0;0;0;1
242;j9025_2.sm;0;0;124;9;356039;130;3;12000;0;0;0;83;519;90;1,778;0,327;0,169;0,326;0,011;0,787;0,236;4;0,753;3,011;0,2;0,27;0;0;0;0;0;1
243;j9025_3.sm;0;0;115;10;0;123;3;12000;0;0;0;77;451;90;1,778;0,298;0,146;0,269;0,013;0,772;0,264;4;0,753;3,011;0,198;0,292;0;0;0;0;0;1
244;j9025_4.sm;0;0;130;9;178021;137;3;13000;0;0;0;95;495;90;1,778;0,283;0,146;0,326;0,017;0,825;0,239;4;0,753;3,011;0,196;0,291;0;0;0;0;0;1
245;j9025_5.sm;0;0;110;9;4050;114;3;12000;0;0;0;71;483;90;1,778;0,294;0,135;0,344;0,008;0,809;0,197;4;0,753;3,011;0,202;0,255;0;0;0;0;0;1
246;j9025_6.sm;0;0;115;9;371037;121;3;12000;0;0;0;79;526;90;1,778;0,305;0,135;0,29;0,017;0,807;0,163;4;0,753;3,011;0,2;0,246;0;0;0;0;0;1
247;j9025_7.sm;0;0;123;11;0;129;3;12000;0;0;0;77;542;90;1,778;0,281;0,124;0,287;0,013;0,786;0,203;4;0,753;3,011;0,198;0,263;0;0;0;0;0;1
248;j9025_8.sm;0;0;133;11;0;140;3;12000;0;0;0;101;543;90;1,778;0,302;0,146;0,213;0,016;0,766;0,182;4;0,753;3,011;0,198;0,285;0;0;0;0;0;1
249;j9025_9.sm;0;0;102;10;0;105;10;0;0;0;0;80;476;90;1,778;0,315;0,135;0,275;0,009;0,755;0,16;4;0,753;3,011;0,198;0,246;0;0;0;0;0;1
250;j9025_10.sm;0;0;123;10;0;129;3;13000;0;0;0;96;491;90;1,778;0,3;0,169;0,346;0,011;0,749;0,339;4;0,753;3,011;0,204;0,28;0;0;0;0;0;1
251;j9026_1.sm;0;0;90;CPM;0;90;1;2;90;1;2;90;518;90;1,778;0,284;0,146;0,437;0,009;0,824;0,229;4;0,753;3,011;0,504;0,123;0;0;0;0;0;1
252;j9026_2.sm;0;0;85;CPM;0;85;7;84110;85;7;84110;85;532;90;1,778;0,313;0,135;0,263;0,017;0,78;0,202;4;0,753;3,011;0,505;0,156;0;0;0;0;0;1
253;j9026_3.sm;0;0;80;CPM;0;80;1;0;80;1;0;80;466;90;1,778;0,297;0,135;0,276;0,017;0,788;0,176;4;0,753;3,011;0,507;0,143;0;0;0;0;0;1
254;j9026_4.sm;0;0;97;4;32250;97;3;10000;97;4;32250;96;546;90;1,778;0,313;0,157;0,243;0,017;0,765;0,27;4;0,753;3,011;0,509;0,178;0;0;0;0;0;1
255;j9026_5.sm;0;0;85;5;0;85;3;12000;85;5;0;82;483;90;1,778;0,299;0,135;0,318;0,015;0,823;0,171;4;0,753;3,011;0,506;0,178;0;0;0;0;0;1
256;j9026_6.sm;0;0;108;CPM;0;108;1;2;108;1;2;108;523;90;1,778;0,306;0,157;0,457;0,019;0,838;0,236;4;0,753;3,011;0,504;0,134;0;0;0;0;0;1
257;j9026_7.sm;0;0;82;CPM;0;82;3;10000;82;10;0;82;467;90;1,778;0,293;0,146;0,283;0,013;0,764;0,234;4;0,753;3,011;0,508;0,163;0;0;0;0;0;1
258;j9026_8.sm;0;0;82;CPM;0;82;10;0;82;10;0;82;532;90;1,778;0,32;0,146;0,326;0,015;0,815;0,198;4;0,753;3,011;0,506;0,145;0;0;0;0;0;1
259;j9026_9.sm;0;0;87;CPM;0;87;1;585;87;1;585;87;492;90;1,778;0,294;0,146;0,326;0,013;0,813;0,211;4;0,753;3,011;0,506;0,161;0;0;0;0;0;1
260;j9026_10.sm;0;0;92;CPM;0;92;1;1;92;1;1;92;461;90;1,778;0,307;0,146;0,423;0,016;0,822;0,265;4;0,753;3,011;0,5;0,126;0;0;0;0;0;1
261;j9027_1.sm;0;0;96;CPM;0;96;1;0;96;1;0;96;483;90;1,778;0,321;0,169;0,285;0,02;0,795;0,272;4;0,753;3,011;0,704;0,146;0;0;0;0;0;1
262;j9027_2.sm;0;0;81;CPM;0;81;1;1;81;1;1;81;544;90;1,778;0,271;0,146;0,403;0,018;0,804;0,31;4;0,753;3,011;0,699;0,107;0;0;0;0;0;1
263;j9027_3.sm;0;0;91;CPM;0;91;1;0;91;1;0;91;484;90;1,778;0,299;0,18;0,282;0,017;0,721;0,34;4;0,753;3,011;0,701;0,146;0;0;0;0;0;1
264;j9027_4.sm;0;0;79;CPM;0;79;1;1;79;1;1;79;508;90;1,778;0,303;0,157;0,357;0,011;0,792;0,263;4;0,753;3,011;0,697;0,112;0;0;0;0;0;1
265;j9027_5.sm;0;0;99;CPM;0;99;1;1;99;1;1;99;489;90;1,778;0,326;0,157;0,314;0,015;0,777;0,23;4;0,753;3,011;0,699;0,119;0;0;0;0;0;1
266;j9027_6.sm;0;0;87;CPM;0;87;1;0;87;1;0;87;506;90;1,778;0,304;0,157;0,371;0,006;0,79;0,286;4;0,753;3,011;0,701;0,113;0;0;0;0;0;1
267;j9027_7.sm;0;0;73;CPM;0;73;1;2;73;1;2;73;458;90;1,778;0,287;0,135;0,247;0,024;0,793;0,208;4;0,753;3,011;0,702;0,111;0;0;0;0;0;1
268;j9027_8.sm;0;0;72;CPM;0;72;1;2;72;1;2;72;448;90;1,778;0,269;0,135;0,415;0,01;0,809;0,253;4;0,753;3,011;0,702;0,097;0;0;0;0;0;1
269;j9027_9.sm;0;0;84;CPM;0;84;1;1;84;1;1;84;546;90;1,778;0,298;0,146;0,403;0,018;0,811;0,227;4;0,753;3,011;0,703;0,106;0;0;0;0;0;1
270;j9027_10.sm;0;0;97;CPM;0;97;1;0;97;1;0;97;507;90;1,778;0,306;0,157;0,357;0,006;0,774;0,224;4;0,753;3,011;0,702;0,123;0;0;0;0;0;1
271;j9028_1.sm;0;0;80;CPM;0;80;1;0;80;1;0;80;490;90;1,778;0,291;0,135;0,33;0,017;0,801;0,177;4;0,753;3,011;1;0,078;0;0;0;0;0;1
272;j9028_2.sm;0;0;76;CPM;0;76;1;0;76;1;0;76;480;90;1,778;0,29;0,146;0,348;0,006;0,777;0,231;4;0,753;3,011;1;0,082;0;0;0;0;0;1
273;j9028_3.sm;0;0;86;CPM;0;86;1;0;86;1;0;86;495;90;1,778;0,28;0,157;0,243;0,013;0,737;0,291;4;0,753;3,011;1;0,104;0;0;0;0;0;1
274;j9028_4.sm;0;0;78;CPM;0;78;1;0;78;1;0;78;500;90;1,778;0,301;0,135;0,288;0,009;0,802;0,228;4;0,753;3,011;1;0,099;0;0;0;0;0;1
275;j9028_5.sm;0;0;88;CPM;0;88;1;0;88;1;0;88;511;90;1,778;0,288;0,146;0,354;0,017;0,799;0,274;4;0,753;3,011;1;0,084;0;0;0;0;0;1
276;j9028_6.sm;0;0;102;CPM;0;102;1;1;102;1;1;102;528;90;1,778;0,342;0,157;0,243;0,013;0,767;0,181;4;0,753;3,011;1;0,09;0;0;0;0;0;1
277;j9028_7.sm;0;0;97;CPM;0;97;1;0;97;1;0;97;496;90;1,778;0,319;0,157;0,3;0,012;0,771;0,266;4;0,753;3,011;1;0,099;0;0;0;0;0;1
278;j9028_8.sm;0;0;110;CPM;0;110;1;0;110;1;0;110;485;90;1,778;0,337;0,202;0,347;0,013;0,743;0,327;4;0,753;3,011;1;0,124;0;0;0;0;0;1
279;j9028_9.sm;0;0;120;CPM;0;120;1;0;120;1;0;120;470;90;1,778;0,351;0,202;0,284;0,01;0,687;0,335;4;0,753;3,011;1;0,102;0;0;0;0;0;1
280;j9028_10.sm;0;0;68;CPM;0;68;1;0;68;1;0;68;442;90;1,778;0,256;0,124;0,392;0,02;0,826;0,255;4;0,753;3,011;1;0,078;0;0;0;0;0;1
281;j9029_1.sm;0;0;128;9;232060;135;3;12000;0;0;0;96;445;90;1,778;0,33;0,157;0,4;0,015;0,828;0,214;4;1;4;0,202;0,249;0;0;0;0;0;1
282;j9029_2.sm;0;0;123;11;0;126;3;12000;0;0;0;76;495;90;1,778;0,316;0,135;0,289;0,016;0,781;0,155;4;1;4;0,199;0,216;0;0;0;0;0;1
283;j9029_3.sm;0;0;137;9;716029;144;3;12000;0;0;0;87;489;90;1,778;0,316;0,146;0,346;0,018;0,803;0,249;4;1;4;0,196;0,252;0;0;0;0;0;1
284;j9029_4.sm;0;0;141;11;0;149;3;12000;0;0;0;87;480;90;1,778;0,333;0,169;0,285;0,011;0,762;0,276;4;1;4;0,202;0,261;0;0;0;0;0;1
285;j9029_5.sm;0;0;117;7;3600010;121;3;12000;0;0;0;96;487;90;1,778;0,324;0,157;0,386;0,009;0,791;0,264;4;1;4;0,202;0,21;0;0;0;0;0;1
286;j9029_6.sm;0;0;118;9;344099;123;3;12000;0;0;0;77;513;90;1,778;0,277;0,135;0,234;0,011;0,757;0,239;4;1;4;0,204;0,208;0;0;0;0;0;1
287;j9029_7.sm;0;0;161;9;302095;169;3;102000;0;0;0;103;514;90;1,778;0,289;0,157;0,257;0,017;0,741;0,293;4;1;4;0,199;0,274;0;0;0;0;0;1
288;j9029_8.sm;0;0;147;9;487078;154;3;13000;0;0;0;93;520;90;1,778;0,335;0,18;0,475;0,011;0,797;0,33;4;1;4;0,2;0,25;0;0;0;0;0;1
289;j9029_9.sm;0;0;120;7;3600010;127;3;13000;0;0;0;81;475;90;1,778;0,285;0,124;0,315;0,011;0,801;0,156;4;1;4;0,201;0,228;0;0;0;0;0;1
290;j9029_10.sm;0;0;119;9;250027;125;3;12000;0;0;0;81;493;90;1,778;0,317;0,169;0,332;0,011;0,757;0,255;4;1;4;0,202;0,212;0;0;0;0;0;1
291;j9030_1.sm;0;0;102;CPM;0;102;1;1;102;1;1;102;500;90;1,778;0,274;0,146;0,383;0,01;0,769;0,302;4;1;4;0,502;0,122;0;0;0;0;0;1
292;j9030_2.sm;0;0;76;CPM;0;76;1;1;76;1;1;76;441;90;1,778;0,289;0,135;0,358;0,011;0,806;0,205;4;1;4;0,503;0,115;0;0;0;0;0;1
293;j9030_3.sm;0;0;102;CPM;0;102;1;1;102;1;1;102;480;90;1,778;0,338;0,191;0,353;0,014;0,765;0,309;4;1;4;0,505;0,152;0;0;0;0;0;1
294;j9030_4.sm;0;0;104;CPM;0;104;1;1;104;1;1;104;518;90;1,778;0,321;0,191;0,309;0,014;0,747;0,365;4;1;4;0,507;0,146;0;0;0;0;0;1
295;j9030_5.sm;0;0;83;CPM;0;83;3;10000;0;0;0;83;455;90;1,778;0,304;0,146;0,269;0,015;0,773;0,21;4;1;4;0,504;0,149;0;0;0;0;0;1
296;j9030_6.sm;0;0;90;CPM;0;90;1;1;90;1;1;90;515;90;1,778;0,331;0,146;0,289;0,016;0,785;0,231;4;1;4;0,5;0,116;0;0;0;0;0;1
297;j9030_7.sm;0;0;84;CPM;0;84;3;10000;0;0;0;84;507;90;1,778;0,302;0,135;0,33;0,014;0,795;0,188;4;1;4;0,504;0,129;0;0;0;0;0;1
298;j9030_8.sm;0;0;82;CPM;0;82;1;3;82;1;3;82;536;90;1,778;0,316;0,146;0,368;0,014;0,826;0,18;4;1;4;0,502;0,11;0;0;0;0;0;1
299;j9030_9.sm;0;0;92;9;85020;94;3;12000;0;0;0;82;538;90;1,778;0,306;0,146;0,257;0,01;0,773;0,218;4;1;4;0,502;0,135;0;0;0;0;0;1
300;j9030_10.sm;0;0;90;CPM;0;90;1;1;90;1;1;90;479;90;1,778;0,333;0,169;0,326;0,01;0,768;0,267;4;1;4;0,507;0,143;0;0;0;0;0;1
301;j9031_1.sm;0;0;79;CPM;0;79;1;1;79;1;1;79;471;90;1,778;0,31;0,146;0,346;0,015;0,793;0,254;4;1;4;0,701;0,097;0;0;0;0;0;1
302;j9031_2.sm;0;0;69;CPM;0;69;1;1;69;1;1;69;479;90;1,778;0,294;0,124;0,259;0,016;0,771;0,153;4;1;4;0,704;0,101;0;0;0;0;0;1
303;j9031_3.sm;0;0;106;CPM;0;106;1;0;106;1;0;106;484;90;1,778;0,329;0,169;0,341;0,018;0,751;0,294;4;1;4;0,701;0,099;0;0;0;0;0;1
304;j9031_4.sm;0;0;79;CPM;0;79;1;1;79;1;1;79;486;90;1,778;0,331;0,146;0,324;0,019;0,774;0,211;4;1;4;0,702;0,09;0;0;0;0;0;1
305;j9031_5.sm;0;0;79;CPM;0;79;1;1;79;1;1;79;509;90;1,778;0,306;0,146;0,36;0,009;0,767;0,293;4;1;4;0,699;0,095;0;0;0;0;0;1
306;j9031_6.sm;0;0;80;CPM;0;80;1;1;80;1;1;80;474;90;1,778;0,303;0,135;0,275;0,014;0,768;0,203;4;1;4;0,696;0,102;0;0;0;0;0;1
307;j9031_7.sm;0;0;97;CPM;0;97;1;1;97;1;1;97;516;90;1,778;0,285;0,146;0,346;0,011;0,792;0,235;4;1;4;0,701;0,089;0;0;0;0;0;1
308;j9031_8.sm;0;0;83;CPM;0;83;1;1;83;1;1;83;470;90;1,778;0,269;0,135;0,304;0,003;0,768;0,214;4;1;4;0,7;0,098;0;0;0;0;0;1
309;j9031_9.sm;0;0;72;CPM;0;72;1;1;72;1;1;72;498;90;1,778;0,28;0,146;0,257;0,017;0,761;0,246;4;1;4;0,699;0,089;0;0;0;0;0;1
310;j9031_10.sm;0;0;99;CPM;0;99;1;0;99;1;0;99;483;90;1,778;0,321;0,146;0,34;0,018;0,814;0,188;4;1;4;0,701;0,113;0;0;0;0;0;1
311;j9032_1.sm;0;0;78;CPM;0;78;1;1;78;1;1;78;519;90;1,778;0,318;0,135;0,33;0,011;0,802;0,208;4;1;4;1;0,066;0;0;0;0;0;1
312;j9032_2.sm;0;0;78;CPM;0;78;1;0;78;1;0;78;485;90;1,778;0,29;0,135;0,276;0,019;0,775;0,193;4;1;4;1;0,06;0;0;0;0;0;1
313;j9032_3.sm;0;0;89;CPM;0;89;1;0;89;1;0;89;474;90;1,778;0,315;0,146;0,326;0,02;0,811;0,213;4;1;4;1;0,071;0;0;0;0;0;1
314;j9032_4.sm;0;0;104;CPM;0;104;1;1;104;1;1;104;531;90;1,778;0,317;0,169;0,35;0,007;0,777;0,269;4;1;4;1;0,09;0;0;0;0;0;1
315;j9032_5.sm;0;0;93;CPM;0;93;1;1;93;1;1;93;523;90;1,778;0,312;0,146;0,285;0,014;0,785;0,227;4;1;4;1;0,082;0;0;0;0;0;1
316;j9032_6.sm;0;0;86;CPM;0;86;1;0;86;1;0;86;469;90;1,778;0,332;0,169;0,346;0,016;0,791;0,198;4;1;4;1;0,074;0;0;0;0;0;1
317;j9032_7.sm;0;0;87;CPM;0;87;1;0;87;1;0;87;525;90;1,778;0,313;0,157;0,271;0;0,734;0,3;4;1;4;1;0,064;0;0;0;0;0;1
318;j9032_8.sm;0;0;79;CPM;0;79;1;0;79;1;0;79;445;90;1,778;0,305;0,135;0,288;0,018;0,786;0,145;4;1;4;1;0,067;0;0;0;0;0;1
319;j9032_9.sm;0;0;95;CPM;0;95;1;1;95;1;1;95;513;90;1,778;0,293;0,157;0,414;0,01;0,81;0,307;4;1;4;1;0,056;0;0;0;0;0;1
320;j9032_10.sm;0;0;91;CPM;0;91;1;0;91;1;0;91;483;90;1,778;0,318;0,157;0,257;0,008;0,762;0,246;4;1;4;1;0,085;0;0;0;0;0;1
321;j9033_1.sm;0;0;99;4;170;99;1;60239;99;4;170;82;477;90;2,089;0,376;0,146;0,298;0,023;0,809;0,194;4;0,25;1;0,192;0,397;0;0;0;0;0;1
322;j9033_2.sm;0;0;112;1;2404;112;1;2404;112;1;2404;107;517;90;2,089;0,418;0,18;0,417;0,027;0,838;0,212;4;0,25;1;0,197;0,397;0;0;0;0;0;1
323;j9033_3.sm;0;0;108;1;1860;108;1;1860;108;1;1860;105;475;90;2,089;0,416;0,169;0,27;0,014;0,787;0,227;4;0,25;1;0,218;0,447;0;0;0;0;0;1
324;j9033_4.sm;0;0;92;1;187;92;1;187;92;1;187;85;471;90;2,089;0,421;0,157;0,286;0,025;0,795;0,184;4;0,25;1;0,199;0,39;0;0;0;0;0;1
325;j9033_5.sm;0;0;109;1;997;109;1;997;109;1;997;106;476;90;2,089;0,429;0,169;0,245;0,019;0,781;0,216;4;0,25;1;0,19;0,427;0;0;0;0;0;1
326;j9033_6.sm;0;0;88;1;52;88;1;52;88;1;52;83;456;90;2,089;0,377;0,146;0,32;0,016;0,808;0,171;4;0,25;1;0,206;0,421;0;0;0;0;0;1
327;j9033_7.sm;0;0;109;1;81;109;1;81;109;1;81;94;522;90;2,089;0,403;0,169;0,308;0,021;0,799;0,231;4;0,25;1;0,201;0,408;0;0;0;0;0;1
328;j9033_8.sm;0;0;110;1;14;110;1;14;110;1;14;99;452;90;2,089;0,435;0,18;0,238;0,022;0,793;0,22;4;0,25;1;0,207;0,419;0;0;0;0;0;1
329;j9033_9.sm;0;0;95;1;26400;95;1;26400;95;1;26400;86;494;90;2,089;0,411;0,157;0,343;0,025;0,822;0,182;4;0,25;1;0,199;0,359;0;0;0;0;0;1
330;j9033_10.sm;0;0;114;1;1038;114;1;1038;114;1;1038;113;544;90;2,089;0,425;0,169;0,312;0,021;0,801;0,223;4;0,25;1;0,197;0,427;0;0;0;0;0;1
331;j9034_1.sm;0;0;83;CPM;0;83;1;0;83;1;0;83;505;90;2,089;0,384;0,135;0,263;0,022;0,8;0,179;4;0,25;1;0,521;0,275;0;0;0;0;0;1
332;j9034_2.sm;0;0;89;CPM;0;89;1;0;89;1;0;89;503;90;2,089;0,436;0,191;0,25;0,019;0,756;0,282;4;0,25;1;0,522;0,282;0;0;0;0;0;1
333;j9034_3.sm;0;0;82;CPM;0;82;1;0;82;1;0;82;500;90;2,089;0,402;0,146;0,283;0,031;0,815;0,185;4;0,25;1;0,516;0,279;0;0;0;0;0;1
334;j9034_4.sm;0;0;81;1;182;81;1;182;81;1;182;76;497;90;2,089;0,403;0,146;0,283;0,023;0,808;0,205;4;0,25;1;0,514;0,269;0;0;0;0;0;1
335;j9034_5.sm;0;0;83;1;382;83;1;382;83;1;382;80;511;90;2,089;0,435;0,157;0,229;0,029;0,795;0,135;4;0,25;1;0,504;0,285;0;0;0;0;0;1
336;j9034_6.sm;0;0;89;CPM;0;89;1;0;89;1;0;89;501;90;2,089;0,452;0,157;0,229;0,027;0,808;0,157;4;0,25;1;0,507;0,268;0;0;0;0;0;1
337;j9034_7.sm;0;0;92;CPM;0;92;1;1;92;1;1;92;492;90;2,089;0,424;0,146;0,318;0,026;0,834;0,144;4;0,25;1;0,525;0,259;0;0;0;0;0;1
338;j9034_8.sm;0;0;81;1;610;81;1;610;81;1;610;78;480;90;2,089;0,392;0,135;0,22;0,028;0,796;0,118;4;0,25;1;0,52;0,307;0;0;0;0;0;1
339;j9034_9.sm;0;0;109;CPM;0;109;1;1;109;1;1;109;512;90;2,089;0,414;0,169;0,308;0,026;0,817;0,198;4;0,25;1;0,5;0,312;0;0;0;0;0;1
340;j9034_10.sm;0;0;101;CPM;0;101;1;0;101;1;0;101;528;90;2,089;0,412;0,169;0,241;0,025;0,774;0,201;4;0,25;1;0,52;0,28;0;0;0;0;0;1
341;j9035_1.sm;0;0;98;1;0;98;1;0;98;1;0;97;517;90;2,089;0,402;0,157;0,171;0,023;0,768;0,178;4;0,25;1;0,707;0,226;0;0;0;0;0;1
342;j9035_2.sm;0;0;92;CPM;0;92;1;0;92;1;0;92;507;90;2,089;0,429;0,169;0,27;0,028;0,798;0,246;4;0,25;1;0,701;0,292;0;0;0;0;0;1
343;j9035_3.sm;0;0;96;CPM;0;96;1;0;96;1;0;96;466;90;2,089;0,445;0,169;0,283;0,015;0,801;0,177;4;0,25;1;0,695;0,299;0;0;0;0;0;1
344;j9035_4.sm;0;0;86;CPM;0;86;1;0;86;1;0;86;504;90;2,089;0,407;0,157;0,271;0,014;0,81;0,193;4;0,25;1;0,715;0,245;0;0;0;0;0;1
345;j9035_5.sm;0;0;103;CPM;0;103;1;1;103;1;1;103;537;90;2,089;0,423;0,146;0,192;0,033;0,785;0,097;4;0,25;1;0,716;0,256;0;0;0;0;0;1
346;j9035_6.sm;0;0;72;CPM;0;72;1;0;72;1;0;72;475;90;2,089;0,406;0,146;0,34;0,039;0,844;0,128;4;0,25;1;0,708;0,243;0;0;0;0;0;1
347;j9035_7.sm;0;0;78;CPM;0;78;1;0;78;1;0;78;449;90;2,089;0,405;0,157;0,257;0,031;0,805;0,197;4;0,25;1;0,707;0,271;0;0;0;0;0;1
348;j9035_8.sm;0;0;85;CPM;0;85;1;0;85;1;0;85;475;90;2,089;0,399;0,157;0,314;0,025;0,826;0,172;4;0,25;1;0,71;0,243;0;0;0;0;0;1
349;j9035_9.sm;0;0;76;CPM;0;76;1;1;76;1;1;76;473;90;2,089;0,414;0,146;0,306;0,024;0,817;0,181;4;0,25;1;0,691;0,213;0;0;0;0;0;1
350;j9035_10.sm;0;0;82;CPM;0;82;1;1;82;1;1;82;495;90;2,089;0,414;0,135;0,248;0,031;0,813;0,096;4;0,25;1;0,693;0,228;0;0;0;0;0;1
351;j9036_1.sm;0;0;97;CPM;0;97;1;0;97;1;0;97;437;90;2,089;0,399;0,169;0,24;0,019;0,773;0,207;4;0,25;1;1;0,249;0;0;0;0;0;1
352;j9036_2.sm;0;0;114;CPM;0;114;1;0;114;1;0;114;521;90;2,089;0,417;0,169;0,241;0,031;0,815;0,202;4;0,25;1;1;0,233;0;0;0;0;0;1
353;j9036_3.sm;0;0;84;CPM;0;84;1;0;84;1;0;84;509;90;2,089;0,42;0,169;0,256;0,016;0,79;0,207;4;0,25;1;1;0,194;0;0;0;0;0;1
354;j9036_4.sm;0;0;79;CPM;0;79;1;1;79;1;1;79;465;90;2,089;0,419;0,157;0,214;0,008;0,774;0,184;4;0,25;1;1;0,192;0;0;0;0;0;1
355;j9036_5.sm;0;0;98;CPM;0;98;1;0;98;1;0;98;511;90;2,089;0,425;0,157;0,3;0,009;0,781;0,186;4;0,25;1;1;0,209;0;0;0;0;0;1
356;j9036_6.sm;0;0;99;CPM;0;99;1;0;99;1;0;99;490;90;2,089;0,415;0,169;0,193;0,011;0,771;0,168;4;0,25;1;1;0,178;0;0;0;0;0;1
357;j9036_7.sm;0;0;89;CPM;0;89;1;0;89;1;0;89;497;90;2,089;0,415;0,169;0,288;0,025;0,803;0,207;4;0,25;1;1;0,199;0;0;0;0;0;1
358;j9036_8.sm;0;0;84;CPM;0;84;1;0;84;1;0;84;467;90;2,089;0,428;0,18;0,205;0,019;0,768;0,235;4;0,25;1;1;0,208;0;0;0;0;0;1
359;j9036_9.sm;0;0;102;CPM;0;102;1;0;102;1;0;102;559;90;2,089;0,405;0,135;0,193;0,034;0,791;0,121;4;0,25;1;1;0,196;0;0;0;0;0;1
360;j9036_10.sm;0;0;109;CPM;0;109;1;0;109;1;0;109;507;90;2,089;0,416;0,18;0,334;0,024;0,797;0,224;4;0,25;1;1;0,211;0;0;0;0;0;1
361;j9037_1.sm;0;0;110;5;0;110;3;10000;110;5;0;84;519;90;2,089;0,411;0,157;0,243;0,017;0,791;0,203;4;0,503;2,011;0,193;0,304;0;0;0;0;0;1
362;j9037_2.sm;0;0;115;10;0;115;3;1000;115;10;0;90;499;90;2,089;0,429;0,191;0,338;0,016;0,821;0,25;4;0,503;2,011;0,194;0,32;0;0;0;0;0;1
363;j9037_3.sm;0;0;132;4;6200;132;3;100000;132;4;6200;115;474;90;2,089;0,42;0,18;0,213;0,022;0,766;0,197;4;0,503;2,011;0,188;0,353;0;0;0;0;0;1
364;j9037_4.sm;0;0;123;4;85250;123;3;10000;123;4;85250;86;517;90;2,089;0,412;0,157;0,271;0,026;0,792;0,21;4;0,503;2,011;0,198;0,342;0;0;0;0;0;1
365;j9037_5.sm;0;0;126;4;1948890;126;4;1948890;126;4;1948890;92;494;90;2,089;0,443;0,18;0,282;0,024;0,785;0,236;4;0,503;2,011;0,206;0,357;0;0;0;0;0;1
366;j9037_6.sm;0;0;131;10;0;131;3;12000;131;10;0;96;561;90;2,089;0,388;0,169;0,369;0,031;0,815;0,234;4;0,503;2,011;0,197;0,325;0;0;0;0;0;1
367;j9037_7.sm;0;0;123;4;24310;123;1;60431;123;4;24310;97;485;90;2,089;0,477;0,191;0,294;0,036;0,834;0,22;4;0,503;2,011;0,198;0,341;0;0;0;0;0;1
368;j9037_8.sm;0;0;119;5;0;119;3;10000;119;5;0;89;523;90;2,089;0,395;0,135;0,206;0,036;0,797;0,139;4;0,503;2,011;0,204;0,337;0;0;0;0;0;1
369;j9037_9.sm;0;0;123;4;23640;123;3;10000;123;4;23640;93;482;90;2,089;0,432;0,169;0,283;0,019;0,792;0,244;4;0,503;2,011;0,2;0,337;0;0;0;0;0;1
370;j9037_10.sm;0;0;123;5;0;123;5;0;123;5;0;89;531;90;2,089;0,392;0,146;0,283;0,026;0,807;0,14;4;0,503;2,011;0,192;0,336;0;0;0;0;0;1
371;j9038_1.sm;0;0;85;4;50;85;4;50;85;4;50;83;495;90;2,089;0,4;0,169;0,294;0,011;0,808;0,231;4;0,503;2,011;0,511;0,198;0;0;0;0;0;1
372;j9038_2.sm;0;0;78;1;1359;78;1;1359;78;1;1359;77;466;90;2,089;0,415;0,146;0,229;0,032;0,821;0,178;4;0,503;2,011;0,507;0,199;0;0;0;0;0;1
373;j9038_3.sm;0;0;89;7;3430;89;7;3430;89;7;3430;88;489;90;2,089;0,443;0,157;0,229;0,022;0,814;0,146;4;0,503;2,011;0,511;0,21;0;0;0;0;0;1
374;j9038_4.sm;0;0;89;CPM;0;89;1;1;89;1;1;89;506;90;2,089;0,412;0,169;0,317;0,019;0,815;0,224;4;0,503;2,011;0,504;0,21;0;0;0;0;0;1
375;j9038_5.sm;0;0;86;2;22;86;7;860;86;7;860;84;518;90;2,089;0,39;0,135;0,262;0,025;0,806;0,117;4;0,503;2,011;0,517;0,205;0;0;0;0;0;1
376;j9038_6.sm;0;0;88;CPM;0;88;1;7822;88;1;7822;88;488;90;2,089;0,383;0,146;0,249;0,019;0,79;0,178;4;0,503;2,011;0,506;0,203;0;0;0;0;0;1
377;j9038_7.sm;0;0;85;CPM;0;85;1;0;85;1;0;85;497;90;2,089;0,419;0,169;0,279;0,018;0,784;0,176;4;0,503;2,011;0,503;0,199;0;0;0;0;0;1
378;j9038_8.sm;0;0;91;CPM;0;91;1;2;91;1;2;91;531;90;2,089;0,391;0,146;0,306;0,022;0,797;0,205;4;0,503;2,011;0,503;0,186;0;0;0;0;0;1
379;j9038_9.sm;0;0;95;CPM;0;95;1;18893;95;1;18893;95;536;90;2,089;0,384;0,169;0,24;0,017;0,763;0,209;4;0,503;2,011;0,517;0,216;0;0;0;0;0;1
380;j9038_10.sm;0;0;108;CPM;0;108;1;0;108;1;0;108;498;90;2,089;0,422;0,18;0,301;0,02;0,799;0,246;4;0,503;2,011;0,514;0,219;0;0;0;0;0;1
381;j9039_1.sm;0;0;106;CPM;0;106;1;1;106;1;1;106;513;90;2,089;0,425;0,18;0,282;0,03;0,758;0,268;4;0,503;2,011;0,698;0,18;0;0;0;0;0;1
382;j9039_2.sm;0;0;119;CPM;0;119;1;0;119;1;0;119;505;90;2,089;0,458;0,191;0,265;0,026;0,805;0,183;4;0,503;2,011;0,692;0,19;0;0;0;0;0;1
383;j9039_3.sm;0;0;83;CPM;0;83;1;1;83;1;1;83;505;90;2,089;0,426;0,157;0,286;0,027;0,807;0,224;4;0,503;2,011;0,701;0,163;0;0;0;0;0;1
384;j9039_4.sm;0;0;81;CPM;0;81;1;0;81;1;0;81;502;90;2,089;0,387;0,146;0,291;0,026;0,833;0,19;4;0,503;2,011;0,697;0,156;0;0;0;0;0;1
385;j9039_5.sm;0;0;85;CPM;0;85;1;1;85;1;1;85;527;90;2,089;0,449;0,157;0,2;0,03;0,801;0,141;4;0,503;2,011;0,706;0,156;0;0;0;0;0;1
386;j9039_6.sm;0;0;102;CPM;0;102;1;1;102;1;1;102;545;90;2,089;0,4;0,157;0,343;0,023;0,823;0,188;4;0,503;2,011;0,703;0,16;0;0;0;0;0;1
387;j9039_7.sm;0;0;85;CPM;0;85;1;0;85;1;0;85;529;90;2,089;0,386;0,124;0,273;0,031;0,844;0,114;4;0,503;2,011;0,704;0,135;0;0;0;0;0;1
388;j9039_8.sm;0;0;81;CPM;0;81;1;1;81;1;1;81;507;90;2,089;0,373;0,135;0,276;0,023;0,827;0,193;4;0,503;2,011;0,703;0,162;0;0;0;0;0;1
389;j9039_9.sm;0;0;79;CPM;0;79;1;1;79;1;1;79;490;90;2,089;0,41;0,146;0,255;0,023;0,808;0,137;4;0,503;2,011;0,695;0,143;0;0;0;0;0;1
390;j9039_10.sm;0;0;100;CPM;0;100;1;0;100;1;0;100;513;90;2,089;0,392;0,169;0,299;0,015;0,809;0,21;4;0,503;2,011;0,704;0,171;0;0;0;0;0;1
391;j9040_1.sm;0;0;95;CPM;0;95;1;1;95;1;1;95;468;90;2,089;0,432;0,18;0,311;0,025;0,806;0,236;4;0,503;2,011;1;0,149;0;0;0;0;0;1
392;j9040_2.sm;0;0;91;CPM;0;91;1;0;91;1;0;91;506;90;2,089;0,425;0,157;0,286;0,014;0,834;0,17;4;0,503;2,011;1;0,128;0;0;0;0;0;1
393;j9040_3.sm;0;0;77;CPM;0;77;1;0;77;1;0;77;453;90;2,089;0,379;0,135;0,207;0,027;0,778;0,165;4;0,503;2,011;1;0,127;0;0;0;0;0;1
394;j9040_4.sm;0;0;106;CPM;0;106;1;0;106;1;0;106;454;90;2,089;0,416;0,18;0,223;0,041;0,797;0,267;4;0,503;2,011;1;0,158;0;0;0;0;0;1
395;j9040_5.sm;0;0;92;CPM;0;92;1;0;92;1;0;92;501;90;2,089;0,422;0,169;0,294;0,025;0,806;0,224;4;0,503;2,011;1;0,13;0;0;0;0;0;1
396;j9040_6.sm;0;0;86;CPM;0;86;1;0;86;1;0;86;486;90;2,089;0,388;0,157;0,3;0,015;0,807;0,23;4;0,503;2,011;1;0,125;0;0;0;0;0;1
397;j9040_7.sm;0;0;87;CPM;0;87;1;0;87;1;0;87;523;90;2,089;0,419;0,157;0,3;0,018;0,816;0,21;4;0,503;2,011;1;0,121;0;0;0;0;0;1
398;j9040_8.sm;0;0;79;CPM;0;79;1;0;79;1;0;79;457;90;2,089;0,414;0,146;0,263;0,014;0,815;0,155;4;0,503;2,011;1;0,122;0;0;0;0;0;1
399;j9040_9.sm;0;0;98;CPM;0;98;1;0;98;1;0;98;498;90;2,089;0,392;0,157;0,271;0,022;0,799;0,146;4;0,503;2,011;1;0,13;0;0;0;0;0;1
400;j9040_10.sm;0;0;86;CPM;0;86;1;0;86;1;0;86;469;90;2,089;0,426;0,146;0,332;0,028;0,833;0,157;4;0,503;2,011;1;0,14;0;0;0;0;0;1
401;j9041_1.sm;0;0;133;9;142084;142;3;12000;0;0;0;102;481;90;2,089;0,412;0,169;0,245;0,008;0,779;0,234;4;0,753;3,011;0,202;0,3;0;0;0;0;0;1
402;j9041_2.sm;0;0;164;10;0;168;10;0;0;0;0;108;505;90;2,089;0,439;0,18;0,219;0,019;0,797;0,205;4;0,753;3,011;0,197;0,328;0;0;0;0;0;1
403;j9041_3.sm;0;0;158;10;0;161;3;12000;0;0;0;106;516;90;2,089;0,419;0,18;0,219;0,016;0,76;0,233;4;0,753;3,011;0,192;0,32;0;0;0;0;0;1
404;j9041_4.sm;0;0;145;10;0;154;3;12000;0;0;0;85;538;90;2,089;0,401;0,146;0,158;0,012;0,745;0,119;4;0,753;3,011;0,199;0,291;0;0;0;0;0;1
405;j9041_5.sm;0;0;125;10;0;127;3;1000;0;0;0;89;468;90;2,089;0,392;0,157;0,243;0,021;0,791;0,205;4;0,753;3,011;0,193;0,299;0;0;0;0;0;1
406;j9041_6.sm;0;0;131;10;0;135;3;12000;0;0;0;86;477;90;2,089;0,423;0,146;0,298;0,028;0,819;0,137;4;0,753;3,011;0,197;0,282;0;0;0;0;0;1
407;j9041_7.sm;0;0;155;10;0;157;10;0;0;0;0;105;498;90;2,089;0,402;0,169;0,303;0,014;0,787;0,199;4;0,753;3,011;0,2;0,32;0;0;0;0;0;1
408;j9041_8.sm;0;0;151;10;0;162;3;12000;0;0;0;108;557;90;2,089;0,441;0,157;0,214;0,023;0,787;0,153;4;0,753;3,011;0,202;0,303;0;0;0;0;0;1
409;j9041_9.sm;0;0;114;10;0;118;10;0;0;0;0;77;498;90;2,089;0,374;0,135;0,317;0,019;0,815;0,169;4;0,753;3,011;0,201;0,258;0;0;0;0;0;1
410;j9041_10.sm;0;0;147;11;0;150;11;0;0;0;0;105;538;90;2,089;0,416;0,169;0,288;0,02;0,793;0,196;4;0,753;3,011;0,2;0,289;0;0;0;0;0;1
411;j9042_1.sm;0;0;106;CPM;0;106;1;1;106;1;1;106;514;90;2,089;0,419;0,157;0,257;0,018;0,805;0,185;4;0,753;3,011;0,507;0,178;0;0;0;0;0;1
412;j9042_2.sm;0;0;102;5;0;102;3;10000;102;5;0;92;509;90;2,089;0,412;0,157;0,186;0,033;0,763;0,182;4;0,753;3,011;0,503;0,186;0;0;0;0;0;1
413;j9042_3.sm;0;0;94;CPM;0;94;7;380;94;7;380;94;517;90;2,089;0,386;0,146;0,263;0,028;0,809;0,144;4;0,753;3,011;0,503;0,16;0;0;0;0;0;1
414;j9042_4.sm;0;0;102;CPM;0;102;1;1;102;1;1;102;490;90;2,089;0,452;0,18;0,228;0,022;0,802;0,22;4;0,753;3,011;0,503;0,17;0;0;0;0;0;1
415;j9042_5.sm;0;0;105;CPM;0;105;1;879;105;1;879;105;481;90;2,089;0,393;0,202;0,437;0,014;0,808;0,297;4;0,753;3,011;0,5;0,17;0;0;0;0;0;1
416;j9042_6.sm;0;0;89;CPM;0;89;7;370;89;7;370;89;442;90;2,089;0,412;0,169;0,236;0,015;0,762;0,194;4;0,753;3,011;0,506;0,163;0;0;0;0;0;1
417;j9042_7.sm;0;0;87;4;64700;87;3;10000;87;4;64700;83;482;90;2,089;0,382;0,146;0,186;0,019;0,762;0,159;4;0,753;3,011;0,506;0,181;0;0;0;0;0;1
418;j9042_8.sm;0;0;105;CPM;0;105;1;1;105;1;1;105;486;90;2,089;0,38;0,169;0,314;0,019;0,786;0,264;4;0,753;3,011;0,502;0,153;0;0;0;0;0;1
419;j9042_9.sm;0;0;83;4;60;83;3;10000;83;4;60;82;467;90;2,089;0,401;0,146;0,324;0,029;0,819;0,224;4;0,753;3,011;0,506;0,178;0;0;0;0;0;1
420;j9042_10.sm;0;0;90;5;0;90;3;10000;90;5;0;85;500;90;2,089;0,419;0,169;0,236;0,012;0,786;0,19;4;0,753;3,011;0,506;0,163;0;0;0;0;0;1
421;j9043_1.sm;0;0;99;CPM;0;99;1;1;99;1;1;99;499;90;2,089;0,437;0,169;0,25;0,016;0,803;0,175;4;0,753;3,011;0,708;0,15;0;0;0;0;0;1
422;j9043_2.sm;0;0;91;CPM;0;91;1;0;91;1;0;91;476;90;2,089;0,405;0,146;0,255;0,026;0,816;0,165;4;0,753;3,011;0,701;0,139;0;0;0;0;0;1
423;j9043_3.sm;0;0;102;CPM;0;102;1;1;102;1;1;102;483;90;2,089;0,436;0,18;0,238;0,016;0,772;0,216;4;0,753;3,011;0,703;0,129;0;0;0;0;0;1
424;j9043_4.sm;0;0;94;CPM;0;94;1;0;94;1;0;94;511;90;2,089;0,372;0,135;0,248;0,024;0,798;0,131;4;0,753;3,011;0,704;0,136;0;0;0;0;0;1
425;j9043_5.sm;0;0;98;CPM;0;98;1;0;98;1;0;98;511;90;2,089;0,43;0,169;0,25;0,03;0,801;0,216;4;0,753;3,011;0,705;0,125;0;0;0;0;0;1
426;j9043_6.sm;0;0;114;CPM;0;114;1;1;114;1;1;114;495;90;2,089;0,46;0,191;0,162;0,016;0,766;0,221;4;0,753;3,011;0,702;0,159;0;0;0;0;0;1
427;j9043_7.sm;0;0;88;CPM;0;88;1;1;88;1;1;88;531;90;2,089;0,399;0,135;0,247;0,023;0,819;0,114;4;0,753;3,011;0,702;0,132;0;0;0;0;0;1
428;j9043_8.sm;0;0;100;CPM;0;100;1;1;100;1;1;100;476;90;2,089;0,429;0,18;0,369;0,011;0,818;0,204;4;0,753;3,011;0,697;0,131;0;0;0;0;0;1
429;j9043_9.sm;0;0;88;CPM;0;88;1;1;88;1;1;88;486;90;2,089;0,418;0,157;0,3;0,03;0,816;0,203;4;0,753;3,011;0,702;0,129;0;0;0;0;0;1
430;j9043_10.sm;0;0;92;CPM;0;92;1;0;92;1;0;92;502;90;2,089;0,43;0,157;0,2;0,022;0,788;0,165;4;0,753;3,011;0,703;0,127;0;0;0;0;0;1
431;j9044_1.sm;0;0;100;CPM;0;100;1;0;100;1;0;100;525;90;2,089;0,407;0,169;0,351;0,027;0,81;0,223;4;0,753;3,011;1;0,109;0;0;0;0;0;1
432;j9044_2.sm;0;0;92;CPM;0;92;1;0;92;1;0;92;523;90;2,089;0,462;0,191;0,221;0,022;0,796;0,21;4;0,753;3,011;1;0,103;0;0;0;0;0;1
433;j9044_3.sm;0;0;110;CPM;0;110;1;0;110;1;0;110;496;90;2,089;0,417;0,202;0,355;0,031;0,825;0,243;4;0,753;3,011;1;0,118;0;0;0;0;0;1
434;j9044_4.sm;0;0;89;CPM;0;89;1;1;89;1;1;89;479;90;2,089;0,436;0,157;0,257;0,025;0,807;0,132;4;0,753;3,011;1;0,094;0;0;0;0;0;1
435;j9044_5.sm;0;0;84;CPM;0;84;1;0;84;1;0;84;484;90;2,089;0,381;0,135;0,221;0,028;0,787;0,111;4;0,753;3,011;1;0,097;0;0;0;0;0;1
436;j9044_6.sm;0;0;96;CPM;0;96;1;1;96;1;1;96;513;90;2,089;0,403;0,169;0,259;0,024;0,8;0,254;4;0,753;3,011;1;0,107;0;0;0;0;0;1
437;j9044_7.sm;0;0;93;CPM;0;93;1;1;93;1;1;93;470;90;2,089;0,374;0,157;0,3;0,018;0,789;0,26;4;0,753;3,011;1;0,111;0;0;0;0;0;1
438;j9044_8.sm;0;0;99;CPM;0;99;1;0;99;1;0;99;504;90;2,089;0,393;0,169;0,193;0,024;0,774;0,206;4;0,753;3,011;1;0,106;0;0;0;0;0;1
439;j9044_9.sm;0;0;96;CPM;0;96;1;0;96;1;0;96;459;90;2,089;0,409;0,157;0,229;0,023;0,797;0,229;4;0,753;3,011;1;0,111;0;0;0;0;0;1
440;j9044_10.sm;0;0;86;CPM;0;86;1;0;86;1;0;86;471;90;2,089;0,422;0,18;0,247;0,024;0,795;0,263;4;0,753;3,011;1;0,093;0;0;0;0;0;1
441;j9045_1.sm;0;0;144;9;35007;146;11;0;0;0;0;93;502;90;2,089;0,436;0,169;0,245;0,03;0,803;0,223;4;1;4;0,202;0,235;0;0;0;0;0;1
442;j9045_2.sm;0;0;139;9;78056;146;3;12000;0;0;0;89;503;90;2,089;0,402;0,146;0,277;0,015;0,808;0,137;4;1;4;0,199;0,242;0;0;0;0;0;1
443;j9045_3.sm;0;0;143;10;0;154;3;13000;0;0;0;101;438;90;2,089;0,412;0,191;0,294;0,016;0,793;0,312;4;1;4;0,202;0,278;0;0;0;0;0;1
444;j9045_4.sm;0;0;126;9;143091;135;11;0;0;0;0;76;456;90;2,089;0,407;0,135;0,275;0,032;0,819;0,108;4;1;4;0,199;0,251;0;0;0;0;0;1
445;j9045_5.sm;0;0;164;7;3600010;173;3;12000;0;0;0;98;548;90;2,089;0,414;0,169;0,204;0,021;0,767;0,205;4;1;4;0,202;0,267;0;0;0;0;0;1
446;j9045_6.sm;0;0;164;7;3600010;175;11;0;0;0;0;106;520;90;2,089;0,442;0,157;0,214;0,027;0,807;0,139;4;1;4;0,2;0,283;0;0;0;0;0;1
447;j9045_7.sm;0;0;130;9;382080;135;8;0;0;0;0;81;503;90;2,089;0,378;0,146;0,383;0,026;0,833;0,222;4;1;4;0,198;0,228;0;0;0;0;0;1
448;j9045_8.sm;0;0;151;9;57034;160;3;13000;0;0;0;97;485;90;2,089;0,449;0,157;0,229;0,037;0,818;0,161;4;1;4;0,205;0,272;0;0;0;0;0;1
449;j9045_9.sm;0;0;146;9;665002;158;3;12000;0;0;0;96;480;90;2,089;0,41;0,157;0,214;0,024;0,803;0,151;4;1;4;0,199;0,268;0;0;0;0;0;1
450;j9045_10.sm;0;0;157;9;435061;164;3;12000;0;0;0;88;521;90;2,089;0,42;0,157;0,3;0,023;0,815;0,206;4;1;4;0,201;0,26;0;0;0;0;0;1
451;j9046_1.sm;0;0;104;4;90;104;3;1000;104;4;90;103;506;90;2,089;0,442;0,18;0,213;0,02;0,762;0,236;4;1;4;0,502;0,159;0;0;0;0;0;1
452;j9046_2.sm;0;0;98;CPM;0;98;1;1;98;1;1;98;462;90;2,089;0,427;0,18;0,315;0,03;0,788;0,224;4;1;4;0,507;0,155;0;0;0;0;0;1
453;j9046_3.sm;0;0;113;7;117610;113;1;60217;113;7;117610;112;515;90;2,089;0,412;0,191;0,353;0,019;0,803;0,25;4;1;4;0,5;0,147;0;0;0;0;0;1
454;j9046_4.sm;0;0;93;11;3015000;93;3;1000;93;11;3015000;88;514;90;2,089;0,416;0,169;0,288;0,014;0,793;0,206;4;1;4;0,502;0,142;0;0;0;0;0;1
455;j9046_5.sm;0;0;91;CPM;0;91;1;8;91;1;8;91;486;90;2,089;0,384;0,146;0,241;0,019;0,783;0,162;4;1;4;0,504;0,133;0;0;0;0;0;1
456;j9046_6.sm;0;0;83;CPM;0;83;1;204;83;1;204;83;495;90;2,089;0,381;0,146;0,368;0,027;0,835;0,182;4;1;4;0,505;0,123;0;0;0;0;0;1
457;j9046_7.sm;0;0;89;CPM;0;89;1;22312;89;1;22312;89;453;90;2,089;0,421;0,169;0,346;0,016;0,813;0,198;4;1;4;0,504;0,133;0;0;0;0;0;1
458;j9046_8.sm;0;0;95;10;0;96;3;11000;0;0;0;87;491;90;2,089;0,373;0,146;0,306;0,027;0,82;0,176;4;1;4;0,51;0,154;0;0;0;0;0;1
459;j9046_9.sm;0;0;87;10;0;89;3;1000;0;0;0;74;479;90;2,089;0,422;0,135;0,207;0,035;0,81;0,129;4;1;4;0,506;0,135;0;0;0;0;0;1
460;j9046_10.sm;0;0;114;CPM;0;114;1;0;114;1;0;114;529;90;2,089;0,424;0,18;0,33;0,018;0,804;0,256;4;1;4;0,507;0,14;0;0;0;0;0;1
461;j9047_1.sm;0;0;82;CPM;0;82;1;1;82;1;1;82;475;90;2,089;0,4;0,135;0,276;0,028;0,813;0,143;4;1;4;0,703;0,106;0;0;0;0;0;1
462;j9047_2.sm;0;0;90;CPM;0;90;1;1;90;1;1;90;460;90;2,089;0,399;0,169;0,274;0,014;0,763;0,22;4;1;4;0,699;0,105;0;0;0;0;0;1
463;j9047_3.sm;0;0;102;CPM;0;102;1;1;102;1;1;102;554;90;2,089;0,438;0,169;0,308;0,016;0,815;0,164;4;1;4;0,702;0,118;0;0;0;0;0;1
464;j9047_4.sm;0;0;93;CPM;0;93;1;0;93;1;0;93;508;90;2,089;0,417;0,135;0,177;0,023;0,788;0,128;4;1;4;0,703;0,122;0;0;0;0;0;1
465;j9047_5.sm;0;0;93;CPM;0;93;1;0;93;1;0;93;527;90;2,089;0,382;0,157;0,271;0,023;0,794;0,264;4;1;4;0,701;0,115;0;0;0;0;0;1
466;j9047_6.sm;0;0;98;CPM;0;98;1;0;98;1;0;98;505;90;2,089;0,423;0,157;0,186;0,014;0,778;0,145;4;1;4;0,704;0,121;0;0;0;0;0;1
467;j9047_7.sm;0;0;94;CPM;0;94;1;1;94;1;1;94;538;90;2,089;0,38;0,146;0,291;0,013;0,795;0,16;4;1;4;0,698;0,098;0;0;0;0;0;1
468;j9047_8.sm;0;0;98;CPM;0;98;1;0;98;1;0;98;478;90;2,089;0,423;0,169;0,245;0,008;0,781;0,18;4;1;4;0,7;0,118;0;0;0;0;0;1
469;j9047_9.sm;0;0;86;CPM;0;86;1;0;86;1;0;86;464;90;2,089;0,421;0,157;0,3;0,02;0,813;0,163;4;1;4;0,702;0,109;0;0;0;0;0;1
470;j9047_10.sm;0;0;65;CPM;0;65;1;1;65;1;1;65;431;90;2,089;0,392;0,135;0,276;0,031;0,802;0,154;4;1;4;0,703;0,107;0;0;0;0;0;1
471;j9048_1.sm;0;0;83;CPM;0;83;1;0;83;1;0;83;528;90;2,089;0,388;0,157;0,371;0,013;0,827;0,251;4;1;4;1;0,067;0;0;0;0;0;1
472;j9048_2.sm;0;0;89;CPM;0;89;1;1;89;1;1;89;487;90;2,089;0,386;0,135;0,274;0,038;0,839;0,155;4;1;4;1;0,079;0;0;0;0;0;1
473;j9048_3.sm;0;0;86;CPM;0;86;1;0;86;1;0;86;475;90;2,089;0,412;0,157;0,357;0,028;0,828;0,206;4;1;4;1;0,083;0;0;0;0;0;1
474;j9048_4.sm;0;0;91;CPM;0;91;1;0;91;1;0;91;486;90;2,089;0,409;0,157;0,186;0,026;0,787;0,135;4;1;4;1;0,085;0;0;0;0;0;1
475;j9048_5.sm;0;0;75;CPM;0;75;1;1;75;1;1;75;490;90;2,089;0,408;0,157;0,343;0,018;0,843;0,197;4;1;4;1;0,075;0;0;0;0;0;1
476;j9048_6.sm;0;0;114;CPM;0;114;1;1;114;1;1;114;529;90;2,089;0,433;0,191;0,279;0,019;0,791;0,279;4;1;4;1;0,09;0;0;0;0;0;1
477;j9048_7.sm;0;0;103;CPM;0;103;1;0;103;1;0;103;494;90;2,089;0,407;0,18;0,315;0,024;0,805;0,224;4;1;4;1;0,073;0;0;0;0;0;1
478;j9048_8.sm;0;0;74;CPM;0;74;1;1;74;1;1;74;459;90;2,089;0,409;0,146;0,249;0,024;0,787;0,142;4;1;4;1;0,082;0;0;0;0;0;1
479;j9048_9.sm;0;0;89;CPM;0;89;1;0;89;1;0;89;485;90;2,089;0,409;0,157;0,229;0,04;0,801;0,15;4;1;4;1;0,088;0;0;0;0;0;1
480;j9048_10.sm;0;0;93;CPM;0;93;1;0;93;1;0;93;507;90;2,089;0,381;0,146;0,275;0,022;0,809;0,135;4;1;4;1;0,075;0;0;0;0;0;1
# Record sets:;;;;;;;;;;;;;;;;;;;;;;;;;;;;;;;;;
ID;1;;;;;;;;;;;;;;;;;;;;;;;;;;;;;;;;
# Author(s); Demeulemeester, E. and Herroelen, W.;;;;;;;;;;;;;;;;;;;;;;;;;;;;;;;;
# Reference;Demeulemeester, E., & Herroelen, W. (1992). A Branch-and-Bound Procedure for the Multiple Resource-Constrained Project Scheduling Problem. Management Science, 38(12), 1803-1818. http://www.jstor.org/stable/2632711;;;;;;;;;;;;;;;;;;;;;;;;;;;;;;;;
# Date; 1992/01/01;;;;;;;;;;;;;;;;;;;;;;;;;;;;;;;;
# Hardware / software; i7, 16GB, 2GHz, C++, Visual Studio 2015 (x64), Windows 10;;;;;;;;;;;;;;;;;;;;;;;;;;;;;;;;
# Stop criteria;1m and 1h runs;;;;;;;;;;;;;;;;;;;;;;;;;;;;;;;;
# Submission date; 2016/01/01;;;;;;;;;;;;;;;;;;;;;;;;;;;;;;;;
ID;2;;;;;;;;;;;;;;;;;;;;;;;;;;;;;;;;
# Author(s); Klein, R. and Scholl, A.;;;;;;;;;;;;;;;;;;;;;;;;;;;;;;;;
# Reference;Klein, R., & Scholl, A. (1999). Computing lower bounds by destructive improvement: An application to resource-constrained project scheduling. European Journal of Operational Research, 112(2), 322-346. https://doi.org/10.1016/S0377-2217(97)00442-6;;;;;;;;;;;;;;;;;;;;;;;;;;;;;;;;
# Date; 1999/01/01;;;;;;;;;;;;;;;;;;;;;;;;;;;;;;;;
# Hardware / software; i7, 16GB, 2GHz, C++, Visual Studio 2015 (x64), Windows 10;;;;;;;;;;;;;;;;;;;;;;;;;;;;;;;;
# Stop criteria;none;;;;;;;;;;;;;;;;;;;;;;;;;;;;;;;;
# Submission date; 2016/01/01;;;;;;;;;;;;;;;;;;;;;;;;;;;;;;;;
ID;3;;;;;;;;;;;;;;;;;;;;;;;;;;;;;;;;
# Author(s); Debels, D. and Vanhoucke, M.;;;;;;;;;;;;;;;;;;;;;;;;;;;;;;;;
# Reference;Debels, D., & Vanhoucke, M. (2007). A Decomposition-Based Genetic Algorithm for the Resource-Constrained Project-Scheduling Problem. Operations Research, 55(3), 457-469. https://doi.org/10.1287/opre.1060.0358;;;;;;;;;;;;;;;;;;;;;;;;;;;;;;;;
# Date; 2007/01/01;;;;;;;;;;;;;;;;;;;;;;;;;;;;;;;;
# Hardware / software; Stevin Supercomputer Infrastructure, C++, compiler intel/2017.02, Linux;;;;;;;;;;;;;;;;;;;;;;;;;;;;;;;;
# Stop criteria;cumulated results from several runs, on open instances only. Maximal run: 1000 runs x 500k schedules;;;;;;;;;;;;;;;;;;;;;;;;;;;;;;;;
# Submission date; 2017/5/21;;;;;;;;;;;;;;;;;;;;;;;;;;;;;;;;
ID;4;;;;;;;;;;;;;;;;;;;;;;;;;;;;;;;;
ï»¿# Author(s); Andrei Horbach;;;;;;;;;;;;;;;;;;;;;;;;;;;;;;;;
# Reference;Horbach, A. (2010). A Boolean satisfiability approach to the resource-constrained project scheduling problem. Annals of Operations Research, 181(1), 89â€“107. https://doi.org/10.1007/s10479-010-0693-2;;;;;;;;;;;;;;;;;;;;;;;;;;;;;;;;
# Date;05/02/2010;;;;;;;;;;;;;;;;;;;;;;;;;;;;;;;;
# Hardware / software;Dell Precision with Intel Core2Duo T6400 2.2GHz with 1 GB of RAM running under Windows XP (data extracted from table 5 and 6 in the paper);;;;;;;;;;;;;;;;;;;;;;;;;;;;;;;;
# Stop criteria(s);Maximal time 20 hours ;;;;;;;;;;;;;;;;;;;;;;;;;;;;;;;;
# Submission date;2024;;;;;;;;;;;;;;;;;;;;;;;;;;;;;;;;
ID;5;;;;;;;;;;;;;;;;;;;;;;;;;;;;;;;;
# Author(s);Schutt, A., Feydy, T., Stuckey, P.J., Wallace, M.G.;;;;;;;;;;;;;;;;;;;;;;;;;;;;;;;;
# Reference;Schutt, A., Feydy, T., Stuckey, P. J., & Wallace, M. G. (2011). Explaining the cumulative propagator. Constraints, 16(3), 250-282. https://doi.org/10.1007/s10601-010-9103-2;;;;;;;;;;;;;;;;;;;;;;;;;;;;;;;;
# Date; 2011/07/01;;;;;;;;;;;;;;;;;;;;;;;;;;;;;;;;
# Hardware / software;X86-64 architecture running GNU/Linux and a Intel(R) Xeon(R) CPU E54052 processor with 2 GHz. Code in Mercury using the G12 Constraint Programming Platform;;;;;;;;;;;;;;;;;;;;;;;;;;;;;;;;
# Stop criteria(s);10 min, results reported in the paper as new results at the time of publication;;;;;;;;;;;;;;;;;;;;;;;;;;;;;;;;
# Submission date; 2019/10/28;;;;;;;;;;;;;;;;;;;;;;;;;;;;;;;;
ID;6;;;;;;;;;;;;;;;;;;;;;;;;;;;;;;;;
# Author(s);Petr Vilim;;;;;;;;;;;;;;;;;;;;;;;;;;;;;;;;
# Reference;Vilim, P. (2011). Timetable Edge Finding Filtering Algorithm for Discrete Cumulative Resources. International Conference on AI and OR Techniques in Constriant Programming for Combinatorial Optimization Problems, 16. https://doi.org/10.1007/978-3-642-21311-3_22;;;;;;;;;;;;;;;;;;;;;;;;;;;;;;;;
# Date;2011;;;;;;;;;;;;;;;;;;;;;;;;;;;;;;;;
# Hardware / software;Intel(R) Core(TM)2 Duo CPU T9400 on 2.53GHz;;;;;;;;;;;;;;;;;;;;;;;;;;;;;;;;
# Stop criteria;time limit for each improvement step is 60 seconds;;;;;;;;;;;;;;;;;;;;;;;;;;;;;;;;
# Submission date;2021;;;;;;;;;;;;;;;;;;;;;;;;;;;;;;;;
ID;7;;;;;;;;;;;;;;;;;;;;;;;;;;;;;;;;
# Author(s); Coelho, J. and Vanhoucke, M.;;;;;;;;;;;;;;;;;;;;;;;;;;;;;;;;
# Reference;Coelho, J., & Vanhoucke, M. (2018). An exact composite lower bound strategy for the resource-constrained project scheduling problem. Computers & Operations Research, 93, 135-150. https://doi.org/10.1016/j.cor.2018.01.017;;;;;;;;;;;;;;;;;;;;;;;;;;;;;;;;
# Date; 2017/06/01;;;;;;;;;;;;;;;;;;;;;;;;;;;;;;;;
# Hardware / software; STEVIN HPC-UGent infrastructure, C++, compiler intel/2017.02, Linux;;;;;;;;;;;;;;;;;;;;;;;;;;;;;;;;
# Stop criteria(s);Best results from all runs, with maximal run time of 1h;;;;;;;;;;;;;;;;;;;;;;;;;;;;;;;;
# Submission date; 2017/12/31;;;;;;;;;;;;;;;;;;;;;;;;;;;;;;;;
ID;8;;;;;;;;;;;;;;;;;;;;;;;;;;;;;;;;
# Author(s);Vanhoucke, M. and  Coelho, J.;;;;;;;;;;;;;;;;;;;;;;;;;;;;;;;;
# Reference;Vanhoucke, M., & Coelho, J. (2024). A matheuristic for the resource-constrained project scheduling problem. European Journal of Operational Research, 319(3), 711–725. https://doi.org/10.1016/j.ejor.2024.07.016;;;;;;;;;;;;;;;;;;;;;;;;;;;;;;;;
# Date;01/12/2024;;;;;;;;;;;;;;;;;;;;;;;;;;;;;;;;
# Hardware / software; STEVIN HPC-UGent infrastructure, C++, compiler intel/2017.02, Linux;;;;;;;;;;;;;;;;;;;;;;;;;;;;;;;;
# Stop criteria(s);Best results from all runs;;;;;;;;;;;;;;;;;;;;;;;;;;;;;;;;
# Submission date; 2024/04/08;;;;;;;;;;;;;;;;;;;;;;;;;;;;;;;;
ID;9;;;;;;;;;;;;;;;;;;;;;;;;;;;;;;;;
# Author(s);Vilém Heinz, Petr Vilím, Zdenék Hanzálek;;;;;;;;;;;;;;;;;;;;;;;;;;;;;;;;
# Reference;Heinz, V., Hanzlek, Z., & Vilim, P. (2025). Reinforcement Learning for Search Tree Size Minimization in Constraint Programming: New Results on Scheduling Benchmarks, Computers & Industrial Engineering 209, 111413. https://doi.org/10.1016/j.cie.2025.111413;;;;;;;;;;;;;;;;;;;;;;;;;;;;;;;;
# Date; 2024/10/10;;;;;;;;;;;;;;;;;;;;;;;;;;;;;;;;
# Hardware / software;Unknown;;;;;;;;;;;;;;;;;;;;;;;;;;;;;;;;
# Stop criteria(s);900 seconds;;;;;;;;;;;;;;;;;;;;;;;;;;;;;;;;
# Submission date; 2024/10/10;;;;;;;;;;;;;;;;;;;;;;;;;;;;;;;;
ID;10;;;;;;;;;;;;;;;;;;;;;;;;;;;;;;;;
# Author(s); Coelho, Jose and Vanhoucke, Mario;;;;;;;;;;;;;;;;;;;;;;;;;;;;;;;;
# Reference; Coelho, Jose and Vanhoucke, Mario. 2024. Working paper 'Comparing and extending satisfiability solution methods for the resource-constrained project scheduling problem';;;;;;;;;;;;;;;;;;;;;;;;;;;;;;;;
# Date; 2024/08/01;;;;;;;;;;;;;;;;;;;;;;;;;;;;;;;;
# Hardware / software; STEVIN HPC-UGent infrastructure, C++, compiler intel/2017.02, Linux;;;;;;;;;;;;;;;;;;;;;;;;;;;;;;;;
# Stop criteria(s);Several procedures and stop criteria, the last one with 20 hours. ;;;;;;;;;;;;;;;;;;;;;;;;;;;;;;;;
# Submission date; 2024/08/01;;;;;;;;;;;;;;;;;;;;;;;;;;;;;;;;
ID;11;;;;;;;;;;;;;;;;;;;;;;;;;;;;;;;;
# Author(s);PSPLIB report;;;;;;;;;;;;;;;;;;;;;;;;;;;;;;;;
# Reference;Check PSPLIB website: http://www.om-db.wi.tum.de/psplib;;;;;;;;;;;;;;;;;;;;;;;;;;;;;;;;
# Date; 1999/01/01;;;;;;;;;;;;;;;;;;;;;;;;;;;;;;;;
# Hardware / software;Not reported;;;;;;;;;;;;;;;;;;;;;;;;;;;;;;;;
# Stop criteria;Results reported from several authors, UBs, LBs and optimal runs;;;;;;;;;;;;;;;;;;;;;;;;;;;;;;;;
# Submission date;28/05/2024;;;;;;;;;;;;;;;;;;;;;;;;;;;;;;;;
