instance,nodes,solved,done_reason,makespan,lowerbound
J6010_1.RCP,42730,0,time_limit,90,85
J6010_10.RCP,138,1,search_exhausted,73,73
J6010_2.RCP,37569,0,time_limit,77,62
J6010_3.RCP,31962,0,time_limit,77,72
J6010_4.RCP,33764,0,time_limit,84,80
J6010_5.RCP,36804,0,time_limit,95,79
J6010_6.RCP,36551,0,time_limit,83,67
J6010_7.RCP,32721,0,time_limit,85,69
J6010_8.RCP,35614,0,time_limit,85,64
J6010_9.RCP,34199,0,time_limit,84,73
J6011_1.RCP,62,1,search_exhausted,71,71
J6011_10.RCP,35817,0,time_limit,60,58
J6011_2.RCP,32974,0,time_limit,68,61
J6011_3.RCP,62,1,search_exhausted,76,76
J6011_4.RCP,39156,0,time_limit,82,69
J6011_5.RCP,28293,0,time_limit,73,65
J6011_6.RCP,33383,0,time_limit,73,70
J6011_7.RCP,62,1,search_exhausted,70,70
J6011_8.RCP,62,1,search_exhausted,69,69
J6011_9.RCP,32863,0,time_limit,64,62
J6012_1.RCP,62,1,search_exhausted,59,59
J6012_10.RCP,62,1,search_exhausted,79,79
J6012_2.RCP,62,1,search_exhausted,58,58
J6012_3.RCP,62,1,search_exhausted,75,75
J6012_4.RCP,62,1,search_exhausted,69,69
J6012_5.RCP,62,1,search_exhausted,63,63
J6012_6.RCP,62,1,search_exhausted,54,54
J6012_7.RCP,62,1,search_exhausted,71,71
J6012_8.RCP,62,1,search_exhausted,60,60
J6012_9.RCP,62,1,search_exhausted,59,59
J6013_1.RCP,49782,0,time_limit,141,69
J6013_10.RCP,43471,0,time_limit,147,63
J6013_2.RCP,43626,0,time_limit,130,66
J6013_3.RCP,45647,0,time_limit,107,57
J6013_4.RCP,39064,0,time_limit,130,62
J6013_5.RCP,41278,0,time_limit,120,53
J6013_6.RCP,40764,0,time_limit,122,61
J6013_7.RCP,37296,0,time_limit,107,54
J6013_8.RCP,43006,0,time_limit,149,69
J6013_9.RCP,40036,0,time_limit,126,67
J6014_1.RCP,40059,0,time_limit,77,59
J6014_10.RCP,38440,0,time_limit,82,67
J6014_2.RCP,37094,0,time_limit,67,65
J6014_3.RCP,41723,0,time_limit,79,61
J6014_4.RCP,47127,0,time_limit,78,65
J6014_5.RCP,41152,0,time_limit,66,59
J6014_6.RCP,45082,0,time_limit,76,65
J6014_7.RCP,32927,0,time_limit,89,69
J6014_8.RCP,62,1,search_exhausted,88,88
J6014_9.RCP,34856,0,time_limit,69,61
J6015_1.RCP,62,1,search_exhausted,84,84
J6015_10.RCP,32718,0,time_limit,65,61
J6015_2.RCP,39313,0,time_limit,91,89
J6015_3.RCP,62,1,search_exhausted,72,72
J6015_4.RCP,62,1,search_exhausted,75,75
J6015_5.RCP,41949,0,time_limit,72,70
J6015_6.RCP,28826,0,time_limit,79,76
J6015_7.RCP,18335,1,search_exhausted,64,64
J6015_8.RCP,62,1,search_exhausted,79,79
J6015_9.RCP,62,1,search_exhausted,72,72
J6016_1.RCP,62,1,search_exhausted,64,64
J6016_10.RCP,62,1,search_exhausted,68,68
J6016_2.RCP,62,1,search_exhausted,64,64
J6016_3.RCP,62,1,search_exhausted,53,53
J6016_4.RCP,62,1,search_exhausted,60,60
J6016_5.RCP,62,1,search_exhausted,66,66
J6016_6.RCP,62,1,search_exhausted,66,66
J6016_7.RCP,62,1,search_exhausted,82,82
J6016_8.RCP,62,1,search_exhausted,68,68
J6016_9.RCP,62,1,search_exhausted,54,54
J6017_1.RCP,43394,0,time_limit,103,76
J6017_10.RCP,37773,0,time_limit,92,65
J6017_2.RCP,37514,0,time_limit,77,67
J6017_3.RCP,41014,0,time_limit,101,79
J6017_4.RCP,37924,0,time_limit,73,69
J6017_5.RCP,40100,0,time_limit,63,52
J6017_6.RCP,39723,0,time_limit,78,67
J6017_7.RCP,40505,0,time_limit,111,81
J6017_8.RCP,42302,0,time_limit,95,66
J6017_9.RCP,39082,0,time_limit,92,70
J6018_1.RCP,37357,0,time_limit,81,80
J6018_10.RCP,62,1,search_exhausted,97,97
J6018_2.RCP,36012,0,time_limit,71,69
J6018_3.RCP,35737,0,time_limit,78,77
J6018_4.RCP,31602,0,time_limit,77,71
J6018_5.RCP,2295,1,search_exhausted,80,80
J6018_6.RCP,62,1,search_exhausted,61,61
J6018_7.RCP,40637,0,time_limit,96,87
J6018_8.RCP,62,1,search_exhausted,78,78
J6018_9.RCP,34646,0,time_limit,75,69
J6019_1.RCP,90,1,search_exhausted,62,62
J6019_10.RCP,62,1,search_exhausted,78,78
J6019_2.RCP,62,1,search_exhausted,83,83
J6019_3.RCP,32766,0,time_limit,83,81
J6019_4.RCP,32789,0,time_limit,71,67
J6019_5.RCP,76,1,search_exhausted,73,73
J6019_6.RCP,40917,0,time_limit,70,68
J6019_7.RCP,235,1,search_exhausted,60,60
J6019_8.RCP,33366,0,time_limit,87,82
J6019_9.RCP,34818,0,time_limit,71,67
J601_1.RCP,32699,0,time_limit,80,77
J601_10.RCP,35057,0,time_limit,80,76
J601_2.RCP,38983,0,time_limit,107,65
J601_3.RCP,39222,0,time_limit,83,67
J601_4.RCP,37598,0,time_limit,98,79
J601_5.RCP,41665,0,time_limit,82,68
J601_6.RCP,39237,0,time_limit,67,52
J601_7.RCP,36199,0,time_limit,86,60
J601_8.RCP,37461,0,time_limit,92,71
J601_9.RCP,38295,0,time_limit,85,75
J6020_1.RCP,62,1,search_exhausted,60,60
J6020_10.RCP,62,1,search_exhausted,70,70
J6020_2.RCP,62,1,search_exhausted,78,78
J6020_3.RCP,62,1,search_exhausted,69,69
J6020_4.RCP,62,1,search_exhausted,86,86
J6020_5.RCP,62,1,search_exhausted,71,71
J6020_6.RCP,62,1,search_exhausted,97,97
J6020_7.RCP,62,1,search_exhausted,74,74
J6020_8.RCP,62,1,search_exhausted,65,65
J6020_9.RCP,62,1,search_exhausted,74,74
J6021_1.RCP,49473,0,time_limit,119,76
J6021_10.RCP,40326,0,time_limit,93,51
J6021_2.RCP,44690,0,time_limit,151,92
J6021_3.RCP,45040,0,time_limit,127,65
J6021_4.RCP,43420,0,time_limit,131,64
J6021_5.RCP,35899,0,time_limit,109,75
J6021_6.RCP,38266,0,time_limit,123,63
J6021_7.RCP,36584,0,time_limit,133,80
J6021_8.RCP,40067,0,time_limit,135,85
J6021_9.RCP,44503,0,time_limit,127,69
J6022_1.RCP,37716,0,time_limit,67,62
J6022_10.RCP,40903,0,time_limit,79,69
J6022_2.RCP,37431,0,time_limit,92,83
J6022_3.RCP,37407,0,time_limit,75,70
J6022_4.RCP,33703,0,time_limit,85,64
J6022_5.RCP,36788,0,time_limit,78,76
J6022_6.RCP,36218,0,time_limit,85,79
J6022_7.RCP,31076,0,time_limit,81,69
J6022_8.RCP,38361,0,time_limit,61,59
J6022_9.RCP,37658,0,time_limit,77,65
J6023_1.RCP,79,1,search_exhausted,75,75
J6023_10.RCP,6602,1,search_exhausted,68,68
J6023_2.RCP,62,1,search_exhausted,69,69
J6023_3.RCP,35901,0,time_limit,78,75
J6023_4.RCP,323,1,search_exhausted,83,83
J6023_5.RCP,32873,0,time_limit,86,72
J6023_6.RCP,62,1,search_exhausted,81,81
J6023_7.RCP,30645,1,search_exhausted,60,60
J6023_8.RCP,62,1,search_exhausted,72,72
J6023_9.RCP,62,1,search_exhausted,64,64
J6024_1.RCP,62,1,search_exhausted,65,65
J6024_10.RCP,62,1,search_exhausted,66,66
J6024_2.RCP,62,1,search_exhausted,55,55
J6024_3.RCP,62,1,search_exhausted,67,67
J6024_4.RCP,62,1,search_exhausted,78,78
J6024_5.RCP,62,1,search_exhausted,76,76
J6024_6.RCP,62,1,search_exhausted,75,75
J6024_7.RCP,62,1,search_exhausted,68,68
J6024_8.RCP,62,1,search_exhausted,81,81
J6024_9.RCP,62,1,search_exhausted,80,80
J6025_1.RCP,48216,0,time_limit,146,71
J6025_10.RCP,39998,0,time_limit,132,77
J6025_2.RCP,43652,0,time_limit,144,69
J6025_3.RCP,37132,0,time_limit,130,90
J6025_4.RCP,44621,0,time_limit,134,78
J6025_5.RCP,45458,0,time_limit,116,61
J6025_6.RCP,47740,0,time_limit,142,75
J6025_7.RCP,50066,0,time_limit,105,66
J6025_8.RCP,50797,0,time_limit,137,57
J6025_9.RCP,39536,0,time_limit,125,69
J6026_1.RCP,43598,0,time_limit,92,80
J6026_10.RCP,41209,0,time_limit,95,85
J6026_2.RCP,39177,0,time_limit,83,63
J6026_3.RCP,38723,0,time_limit,89,71
J6026_4.RCP,40988,0,time_limit,75,65
J6026_5.RCP,37793,0,time_limit,65,61
J6026_6.RCP,39685,0,time_limit,98,73
J6026_7.RCP,984,1,search_exhausted,72,72
J6026_8.RCP,51626,0,time_limit,93,89
J6026_9.RCP,37378,0,time_limit,74,62
J6027_1.RCP,62,1,search_exhausted,96,96
J6027_10.RCP,10239,1,search_exhausted,57,57
J6027_2.RCP,33210,0,time_limit,77,74
J6027_3.RCP,26989,1,search_exhausted,76,76
J6027_4.RCP,37494,0,time_limit,65,60
J6027_5.RCP,62,1,search_exhausted,78,78
J6027_6.RCP,715,1,search_exhausted,64,64
J6027_7.RCP,10917,1,search_exhausted,83,83
J6027_8.RCP,62,1,search_exhausted,88,88
J6027_9.RCP,31687,0,time_limit,77,76
J6028_1.RCP,62,1,search_exhausted,92,92
J6028_10.RCP,62,1,search_exhausted,74,74
J6028_2.RCP,62,1,search_exhausted,64,64
J6028_3.RCP,62,1,search_exhausted,72,72
J6028_4.RCP,62,1,search_exhausted,84,84
J6028_5.RCP,62,1,search_exhausted,71,71
J6028_6.RCP,62,1,search_exhausted,89,89
J6028_7.RCP,62,1,search_exhausted,75,75
J6028_8.RCP,62,1,search_exhausted,62,62
J6028_9.RCP,62,1,search_exhausted,74,74
J6029_1.RCP,45252,0,time_limit,146,59
J6029_10.RCP,43348,0,time_limit,157,70
J6029_2.RCP,43628,0,time_limit,165,88
J6029_3.RCP,49186,0,time_limit,155,72
J6029_4.RCP,45165,0,time_limit,168,75
J6029_5.RCP,41473,0,time_limit,137,77
J6029_6.RCP,48262,0,time_limit,187,77
J6029_7.RCP,48196,0,time_limit,141,73
J6029_8.RCP,44155,0,time_limit,122,72
J6029_9.RCP,44989,0,time_limit,143,70
J602_1.RCP,101,1,search_exhausted,65,65
J602_10.RCP,36552,0,time_limit,72,64
J602_2.RCP,62,1,search_exhausted,82,82
J602_3.RCP,31197,0,time_limit,78,77
J602_4.RCP,5930,1,search_exhausted,78,78
J602_5.RCP,32496,0,time_limit,56,53
J602_6.RCP,34032,0,time_limit,74,61
J602_7.RCP,33183,0,time_limit,53,49
J602_8.RCP,62,1,search_exhausted,66,66
J602_9.RCP,25422,1,search_exhausted,65,65
J6030_1.RCP,42810,0,time_limit,81,70
J6030_10.RCP,42963,0,time_limit,116,81
J6030_2.RCP,39569,0,time_limit,80,65
J6030_3.RCP,39335,0,time_limit,103,80
J6030_4.RCP,62,1,search_exhausted,76,76
J6030_5.RCP,34799,0,time_limit,83,72
J6030_6.RCP,47143,0,time_limit,74,68
J6030_7.RCP,40551,0,time_limit,92,77
J6030_8.RCP,43304,0,time_limit,75,63
J6030_9.RCP,42161,0,time_limit,118,98
J6031_1.RCP,62,1,search_exhausted,65,65
J6031_10.RCP,38781,0,time_limit,66,56
J6031_2.RCP,33867,0,time_limit,75,74
J6031_3.RCP,36608,0,time_limit,67,66
J6031_4.RCP,2230,1,search_exhausted,68,68
J6031_5.RCP,62,1,search_exhausted,72,72
J6031_6.RCP,37257,0,time_limit,80,72
J6031_7.RCP,7440,1,search_exhausted,76,76
J6031_8.RCP,7563,1,search_exhausted,75,75
J6031_9.RCP,62,1,search_exhausted,86,86
J6032_1.RCP,62,1,search_exhausted,69,69
J6032_10.RCP,62,1,search_exhausted,77,77
J6032_2.RCP,62,1,search_exhausted,114,114
J6032_3.RCP,62,1,search_exhausted,85,85
J6032_4.RCP,62,1,search_exhausted,56,56
J6032_5.RCP,62,1,search_exhausted,77,77
J6032_6.RCP,62,1,search_exhausted,93,93
J6032_7.RCP,62,1,search_exhausted,76,76
J6032_8.RCP,62,1,search_exhausted,76,76
J6032_9.RCP,62,1,search_exhausted,74,74
J6033_1.RCP,41114,0,time_limit,126,90
J6033_10.RCP,44607,0,time_limit,92,69
J6033_2.RCP,46083,0,time_limit,103,100
J6033_3.RCP,38252,0,time_limit,83,77
J6033_4.RCP,44211,0,time_limit,83,75
J6033_5.RCP,39864,0,time_limit,120,97
J6033_6.RCP,41546,0,time_limit,93,65
J6033_7.RCP,38715,0,time_limit,81,66
J6033_8.RCP,38828,0,time_limit,90,74
J6033_9.RCP,44484,0,time_limit,108,102
J6034_1.RCP,42282,0,time_limit,81,67
J6034_10.RCP,39855,0,time_limit,93,92
J6034_2.RCP,38220,0,time_limit,76,65
J6034_3.RCP,40393,0,time_limit,64,61
J6034_4.RCP,62,1,search_exhausted,83,83
J6034_5.RCP,13876,1,search_exhausted,80,80
J6034_6.RCP,38828,0,time_limit,81,77
J6034_7.RCP,39213,0,time_limit,85,83
J6034_8.RCP,40559,0,time_limit,66,61
J6034_9.RCP,6748,1,search_exhausted,77,77
J6035_1.RCP,38382,0,time_limit,90,78
J6035_10.RCP,36504,1,search_exhausted,71,71
J6035_2.RCP,131,1,search_exhausted,77,77
J6035_3.RCP,40170,0,time_limit,96,87
J6035_4.RCP,92,1,search_exhausted,72,72
J6035_5.RCP,39553,0,time_limit,76,75
J6035_6.RCP,2840,1,search_exhausted,79,79
J6035_7.RCP,62,1,search_exhausted,73,73
J6035_8.RCP,39218,0,time_limit,78,75
J6035_9.RCP,38890,0,time_limit,78,73
J6036_1.RCP,62,1,search_exhausted,61,61
J6036_10.RCP,62,1,search_exhausted,77,77
J6036_2.RCP,62,1,search_exhausted,75,75
J6036_3.RCP,62,1,search_exhausted,81,81
J6036_4.RCP,62,1,search_exhausted,85,85
J6036_5.RCP,62,1,search_exhausted,57,57
J6036_6.RCP,62,1,search_exhausted,76,76
J6036_7.RCP,62,1,search_exhausted,71,71
J6036_8.RCP,62,1,search_exhausted,69,69
J6036_9.RCP,62,1,search_exhausted,86,86
J6037_1.RCP,49891,0,time_limit,121,70
J6037_10.RCP,39403,0,time_limit,122,86
J6037_2.RCP,49411,0,time_limit,113,68
J6037_3.RCP,41684,0,time_limit,184,97
J6037_4.RCP,42464,0,time_limit,127,75
J6037_5.RCP,48392,0,time_limit,122,80
J6037_6.RCP,45959,0,time_limit,122,62
J6037_7.RCP,46226,0,time_limit,137,75
J6037_8.RCP,40953,0,time_limit,123,79
J6037_9.RCP,38937,0,time_limit,128,77
J6038_1.RCP,35596,0,time_limit,74,73
J6038_10.RCP,36729,0,time_limit,69,63
J6038_2.RCP,39087,0,time_limit,89,71
J6038_3.RCP,40050,0,time_limit,83,76
J6038_4.RCP,37311,0,time_limit,63,58
J6038_5.RCP,73,1,search_exhausted,103,103
J6038_6.RCP,198,1,search_exhausted,86,86
J6038_7.RCP,34429,0,time_limit,78,74
J6038_8.RCP,39098,0,time_limit,90,68
J6038_9.RCP,37855,0,time_limit,70,66
J6039_1.RCP,18753,1,search_exhausted,80,80
J6039_10.RCP,62,1,search_exhausted,74,74
J6039_2.RCP,1078,1,search_exhausted,84,84
J6039_3.RCP,62,1,search_exhausted,83,83
J6039_4.RCP,8348,1,search_exhausted,92,92
J6039_5.RCP,38063,0,time_limit,75,73
J6039_6.RCP,39792,0,time_limit,84,83
J6039_7.RCP,8299,1,search_exhausted,68,68
J6039_8.RCP,969,1,search_exhausted,77,77
J6039_9.RCP,62,1,search_exhausted,72,72
J603_1.RCP,24428,1,search_exhausted,60,60
J603_10.RCP,29606,0,time_limit,70,67
J603_2.RCP,62,1,search_exhausted,69,69
J603_3.RCP,30801,0,time_limit,105,102
J603_4.RCP,62,1,search_exhausted,81,81
J603_5.RCP,62,1,search_exhausted,83,83
J603_6.RCP,34135,0,time_limit,68,57
J603_7.RCP,36077,0,time_limit,59,58
J603_8.RCP,33365,0,time_limit,59,52
J603_9.RCP,39595,0,time_limit,67,63
J6040_1.RCP,62,1,search_exhausted,86,86
J6040_10.RCP,62,1,search_exhausted,73,73
J6040_2.RCP,62,1,search_exhausted,81,81
J6040_3.RCP,62,1,search_exhausted,70,70
J6040_4.RCP,62,1,search_exhausted,87,87
J6040_5.RCP,62,1,search_exhausted,83,83
J6040_6.RCP,62,1,search_exhausted,69,69
J6040_7.RCP,62,1,search_exhausted,68,68
J6040_8.RCP,62,1,search_exhausted,80,80
J6040_9.RCP,62,1,search_exhausted,90,90
J6041_1.RCP,39384,0,time_limit,153,91
J6041_10.RCP,43008,0,time_limit,152,71
J6041_2.RCP,47175,0,time_limit,140,81
J6041_3.RCP,47815,0,time_limit,133,58
J6041_4.RCP,41994,0,time_limit,155,100
J6041_5.RCP,42661,0,time_limit,169,67
J6041_6.RCP,57780,0,time_limit,159,82
J6041_7.RCP,42660,0,time_limit,181,79
J6041_8.RCP,45179,0,time_limit,175,95
J6041_9.RCP,44118,0,time_limit,184,80
J6042_1.RCP,37491,0,time_limit,84,83
J6042_10.RCP,42871,0,time_limit,93,87
J6042_2.RCP,38705,0,time_limit,73,68
J6042_3.RCP,41152,0,time_limit,90,73
J6042_4.RCP,47384,0,time_limit,121,94
J6042_5.RCP,38844,0,time_limit,76,73
J6042_6.RCP,46915,0,time_limit,90,82
J6042_7.RCP,37246,0,time_limit,68,55
J6042_8.RCP,40195,0,time_limit,97,78
J6042_9.RCP,39373,0,time_limit,76,70
J6043_1.RCP,47422,0,time_limit,111,108
J6043_10.RCP,41712,0,time_limit,81,78
J6043_2.RCP,8960,1,search_exhausted,85,85
J6043_3.RCP,62,1,search_exhausted,74,74
J6043_4.RCP,41049,0,time_limit,83,74
J6043_5.RCP,101,1,search_exhausted,64,64
J6043_6.RCP,842,1,search_exhausted,84,84
J6043_7.RCP,62,1,search_exhausted,89,89
J6043_8.RCP,16570,1,search_exhausted,69,69
J6043_9.RCP,37386,0,time_limit,73,70
J6044_1.RCP,62,1,search_exhausted,84,84
J6044_10.RCP,62,1,search_exhausted,65,65
J6044_2.RCP,62,1,search_exhausted,68,68
J6044_3.RCP,62,1,search_exhausted,87,87
J6044_4.RCP,62,1,search_exhausted,77,77
J6044_5.RCP,62,1,search_exhausted,74,74
J6044_6.RCP,62,1,search_exhausted,81,81
J6044_7.RCP,62,1,search_exhausted,76,76
J6044_8.RCP,62,1,search_exhausted,83,83
J6044_9.RCP,62,1,search_exhausted,65,65
J6045_1.RCP,45358,0,time_limit,119,71
J6045_10.RCP,48168,0,time_limit,137,61
J6045_2.RCP,40789,0,time_limit,184,78
J6045_3.RCP,37832,0,time_limit,173,86
J6045_4.RCP,50225,0,time_limit,130,60
J6045_5.RCP,44320,0,time_limit,135,60
J6045_6.RCP,46804,0,time_limit,184,80
J6045_7.RCP,47670,0,time_limit,148,74
J6045_8.RCP,37467,0,time_limit,159,79
J6045_9.RCP,47029,0,time_limit,153,78
J6046_1.RCP,40044,0,time_limit,93,78
J6046_10.RCP,39843,0,time_limit,103,79
J6046_2.RCP,44184,0,time_limit,85,78
J6046_3.RCP,41852,0,time_limit,91,79
J6046_4.RCP,41819,0,time_limit,84,71
J6046_5.RCP,40572,0,time_limit,98,82
J6046_6.RCP,39542,0,time_limit,98,87
J6046_7.RCP,40987,0,time_limit,91,75
J6046_8.RCP,42184,0,time_limit,84,72
J6046_9.RCP,34001,0,time_limit,74,60
J6047_1.RCP,62,1,search_exhausted,75,75
J6047_10.RCP,40682,0,time_limit,72,66
J6047_2.RCP,13325,1,search_exhausted,66,66
J6047_3.RCP,41913,0,time_limit,70,69
J6047_4.RCP,62,1,search_exhausted,76,76
J6047_5.RCP,39163,0,time_limit,88,87
J6047_6.RCP,62,1,search_exhausted,76,76
J6047_7.RCP,2183,1,search_exhausted,68,68
J6047_8.RCP,41130,0,time_limit,73,71
J6047_9.RCP,1381,1,search_exhausted,76,76
J6048_1.RCP,62,1,search_exhausted,71,71
J6048_10.RCP,62,1,search_exhausted,70,70
J6048_2.RCP,62,1,search_exhausted,87,87
J6048_3.RCP,62,1,search_exhausted,84,84
J6048_4.RCP,62,1,search_exhausted,62,62
J6048_5.RCP,62,1,search_exhausted,101,101
J6048_6.RCP,62,1,search_exhausted,66,66
J6048_7.RCP,62,1,search_exhausted,77,77
J6048_8.RCP,62,1,search_exhausted,88,88
J6048_9.RCP,62,1,search_exhausted,82,82
J604_1.RCP,62,1,search_exhausted,84,84
J604_10.RCP,62,1,search_exhausted,77,77
J604_2.RCP,62,1,search_exhausted,60,60
J604_3.RCP,62,1,search_exhausted,58,58
J604_4.RCP,62,1,search_exhausted,65,65
J604_5.RCP,62,1,search_exhausted,75,75
J604_6.RCP,62,1,search_exhausted,71,71
J604_7.RCP,62,1,search_exhausted,67,67
J604_8.RCP,62,1,search_exhausted,65,65
J604_9.RCP,62,1,search_exhausted,75,75
J605_1.RCP,38850,0,time_limit,98,59
J605_10.RCP,45347,0,time_limit,95,68
J605_2.RCP,53159,0,time_limit,126,76
J605_3.RCP,45175,0,time_limit,101,59
J605_4.RCP,51595,0,time_limit,96,53
J605_5.RCP,45932,0,time_limit,132,79
J605_6.RCP,35279,0,time_limit,89,64
J605_7.RCP,43323,0,time_limit,96,51
J605_8.RCP,42854,0,time_limit,97,65
J605_9.RCP,44648,0,time_limit,98,82
J606_1.RCP,35498,0,time_limit,67,60
J606_10.RCP,30906,0,time_limit,82,74
J606_2.RCP,40601,0,time_limit,69,66
J606_3.RCP,32537,0,time_limit,78,72
J606_4.RCP,44773,0,time_limit,74,67
J606_5.RCP,62,1,search_exhausted,78,78
J606_6.RCP,33680,0,time_limit,68,53
J606_7.RCP,35387,0,time_limit,71,60
J606_8.RCP,35837,0,time_limit,86,72
J606_9.RCP,37122,0,time_limit,76,64
J607_1.RCP,1829,1,search_exhausted,77,77
J607_10.RCP,62,1,search_exhausted,82,82
J607_2.RCP,34630,0,time_limit,88,85
J607_3.RCP,85,1,search_exhausted,62,62
J607_4.RCP,62,1,search_exhausted,63,63
J607_5.RCP,62,1,search_exhausted,71,71
J607_6.RCP,691,1,search_exhausted,65,65
J607_7.RCP,39088,0,time_limit,97,89
J607_8.RCP,62,1,search_exhausted,66,66
J607_9.RCP,35345,0,time_limit,51,44
J608_1.RCP,62,1,search_exhausted,64,64
J608_10.RCP,62,1,search_exhausted,97,97
J608_2.RCP,62,1,search_exhausted,61,61
J608_3.RCP,62,1,search_exhausted,79,79
J608_4.RCP,62,1,search_exhausted,64,64
J608_5.RCP,62,1,search_exhausted,83,83
J608_6.RCP,62,1,search_exhausted,56,56
J608_7.RCP,62,1,search_exhausted,62,62
J608_8.RCP,62,1,search_exhausted,66,66
J608_9.RCP,62,1,search_exhausted,58,58
J609_1.RCP,45106,0,time_limit,102,59
J609_10.RCP,39965,0,time_limit,122,65
J609_2.RCP,41395,0,time_limit,106,71
J609_3.RCP,45308,0,time_limit,125,65
J609_4.RCP,47478,0,time_limit,120,65
J609_5.RCP,47407,0,time_limit,110,52
J609_6.RCP,46405,0,time_limit,140,90
J609_7.RCP,48788,0,time_limit,139,74
J609_8.RCP,45965,0,time_limit,122,65
J609_9.RCP,44039,0,time_limit,128,80
