mb_step,update,global_step,epoch,minibatch,batch_size,cand_min,cand_mean,cand_median,cand_max,entropy_mean,entropy_norm_mean,pct_deterministic,approx_kl,is_trigger
0,1,53479,1,1,6682,4,4.476,4.0,8,1.02638,0.68119,0.0452,0.000194,0
1,1,53479,1,2,6682,2,2.000,2.0,2,0.25808,0.37233,0.5103,0.000126,0
2,1,53479,1,3,6682,3,3.000,3.0,3,0.60527,0.55094,0.1238,0.064688,1
3,2,121595,1,1,8510,1,1.000,1.0,1,0.00000,0.00000,1.0000,0.000000,0
4,2,121595,1,2,8510,1,1.000,1.0,1,0.00000,0.00000,1.0000,0.000000,0
5,2,121595,1,3,8510,2,2.000,2.0,2,0.15535,0.22413,0.7049,0.000018,0
6,2,121595,1,4,8510,1,1.000,1.0,1,0.00000,0.00000,1.0000,0.000000,0
7,2,121595,1,5,8510,1,1.446,1.0,2,0.08766,0.12647,0.8327,0.000032,0
8,2,121595,1,6,8510,2,3.013,3.0,6,0.32464,0.29919,0.4545,0.001271,0
9,2,121595,1,7,5,6,6.000,6.0,6,0.06826,0.03810,0.8000,0.000135,0
10,2,121595,1,8,8510,2,2.000,2.0,2,0.15321,0.22103,0.7236,0.000469,0
11,2,121595,1,9,8510,1,1.000,1.0,1,0.00000,0.00000,1.0000,0.000000,0
12,2,121595,2,1,5,6,6.000,6.0,6,0.10839,0.06049,0.8000,0.000489,0
13,2,121595,2,2,8510,1,1.000,1.0,1,0.00000,0.00000,1.0000,0.000000,0
14,2,121595,2,3,8510,1,1.000,1.0,1,0.00000,0.00000,1.0000,0.000000,0
15,2,121595,2,4,8510,2,2.000,2.0,2,0.16077,0.23194,0.6885,0.001602,0
16,2,121595,2,5,8510,2,3.013,3.0,6,0.35974,0.33051,0.4206,0.009463,0
17,2,121595,2,6,8510,2,2.000,2.0,2,0.17041,0.24586,0.6749,0.001609,0
18,2,121595,2,7,8510,1,1.000,1.0,1,0.00000,0.00000,1.0000,0.000000,0
19,2,121595,2,8,8510,1,1.000,1.0,1,0.00000,0.00000,1.0000,0.000000,0
20,2,121595,2,9,8510,1,1.446,1.0,2,0.09114,0.13148,0.8309,0.000764,0
21,2,121595,3,1,8510,1,1.000,1.0,1,0.00000,0.00000,1.0000,0.000000,0
22,2,121595,3,2,8510,2,3.013,3.0,6,0.33518,0.30859,0.4342,0.006852,0
23,2,121595,3,3,8510,2,2.000,2.0,2,0.15423,0.22250,0.7226,0.003021,0
24,2,121595,3,4,8510,1,1.000,1.0,1,0.00000,0.00000,1.0000,0.000000,0
25,2,121595,3,5,5,6,6.000,6.0,6,0.17480,0.09756,0.8000,0.024993,0
26,2,121595,3,6,8510,1,1.000,1.0,1,0.00000,0.00000,1.0000,0.000000,0
27,2,121595,3,7,8510,1,1.000,1.0,1,0.00000,0.00000,1.0000,0.000000,0
28,2,121595,3,8,8510,1,1.446,1.0,2,0.09014,0.13004,0.8414,0.002610,0
29,2,121595,3,9,8510,2,2.000,2.0,2,0.16748,0.24162,0.7122,0.005439,0
30,2,121595,4,1,8510,1,1.000,1.0,1,0.00000,0.00000,1.0000,0.000000,0
31,2,121595,4,2,8510,2,2.000,2.0,2,0.16527,0.23844,0.7136,0.005612,0
32,2,121595,4,3,8510,1,1.446,1.0,2,0.08772,0.12656,0.8452,0.002939,0
33,2,121595,4,4,5,6,6.000,6.0,6,0.24490,0.13668,0.8000,0.017233,0
34,2,121595,4,5,8510,1,1.000,1.0,1,0.00000,0.00000,1.0000,0.000000,0
35,2,121595,4,6,8510,2,3.013,3.0,6,0.31952,0.29400,0.4409,0.012135,0
36,2,121595,4,7,8510,2,2.000,2.0,2,0.15371,0.22176,0.7576,0.006268,0
37,2,121595,4,8,8510,1,1.000,1.0,1,0.00000,0.00000,1.0000,0.000000,0
38,2,121595,4,9,8510,1,1.000,1.0,1,0.00000,0.00000,1.0000,0.000000,0
39,3,206297,1,1,10583,2,2.991,3.0,4,0.23043,0.21361,0.6197,0.000000,0
40,3,206297,1,2,10583,1,1.000,1.0,1,0.00000,0.00000,1.0000,0.000000,0
41,3,206297,1,3,10583,2,2.000,2.0,2,0.17423,0.25136,0.5111,0.000137,0
42,3,206297,1,4,7,4,4.000,4.0,4,0.37976,0.27394,0.4286,0.000050,0
43,3,206297,1,5,10583,1,1.000,1.0,1,0.00000,0.00000,1.0000,0.000000,0
44,3,206297,1,6,10583,1,1.000,1.0,1,0.00000,0.00000,1.0000,0.000000,0
45,3,206297,1,7,10583,1,1.000,1.0,1,0.00000,0.00000,1.0000,0.000000,0
46,3,206297,1,8,10583,1,1.466,1.0,2,0.09062,0.13074,0.7625,0.001844,0
47,3,206297,1,9,10583,2,2.000,2.0,2,0.23527,0.33943,0.3963,0.005956,0
48,3,206297,2,1,10583,1,1.000,1.0,1,0.00000,0.00000,1.0000,0.000000,0
49,3,206297,2,2,10583,2,2.000,2.0,2,0.21547,0.31085,0.4654,0.007102,0
50,3,206297,2,3,10583,1,1.000,1.0,1,0.00000,0.00000,1.0000,0.000000,0
51,3,206297,2,4,10583,2,2.000,2.0,2,0.26640,0.38433,0.3748,0.014101,0
52,3,206297,2,5,10583,1,1.000,1.0,1,0.00000,0.00000,1.0000,0.000000,0
53,3,206297,2,6,10583,2,2.991,3.0,4,0.41550,0.37693,0.2834,0.048393,0
54,3,206297,2,7,10583,1,1.466,1.0,2,0.11429,0.16489,0.7433,0.007463,0
55,3,206297,2,8,10583,1,1.000,1.0,1,0.00000,0.00000,1.0000,0.000000,0
56,3,206297,2,9,7,4,4.000,4.0,4,0.95660,0.69004,0.0000,0.094389,1
57,4,241586,1,1,1,5,5.000,5.0,5,1.40713,0.87430,0.0000,0.000000,0
58,4,241586,1,2,4411,1,1.829,2.0,2,0.52648,0.75954,0.1762,0.000043,0
59,4,241586,1,3,4411,1,1.000,1.0,1,0.00000,0.00000,1.0000,0.000000,0
60,4,241586,1,4,4411,2,2.653,3.0,5,0.88450,0.94537,0.0011,0.000524,0
61,4,241586,1,5,4411,1,1.000,1.0,1,0.00000,0.00000,1.0000,0.000000,0
62,4,241586,1,6,4411,1,1.000,1.0,1,0.00000,0.00000,1.0000,0.000000,0
63,4,241586,1,7,4411,1,1.000,1.0,1,0.00000,0.00000,1.0000,0.000000,0
64,4,241586,1,8,4411,1,1.000,1.0,1,0.00000,0.00000,1.0000,0.000000,0
65,4,241586,1,9,4411,2,2.000,2.0,2,0.65970,0.95174,0.0000,0.000749,0
66,4,241586,2,1,4411,1,1.000,1.0,1,0.00000,0.00000,1.0000,0.000000,0
67,4,241586,2,2,4411,1,1.000,1.0,1,0.00000,0.00000,1.0000,0.000000,0
68,4,241586,2,3,4411,1,1.000,1.0,1,0.00000,0.00000,1.0000,0.000000,0
69,4,241586,2,4,1,5,5.000,5.0,5,1.56355,0.97149,0.0000,0.093197,1
70,5,324278,1,1,10333,1,1.000,1.0,1,0.00000,0.00000,1.0000,0.000000,0
71,5,324278,1,2,10333,1,1.000,1.0,1,0.00000,0.00000,1.0000,0.000000,0
72,5,324278,1,3,10333,1,1.000,1.0,1,0.00000,0.00000,1.0000,0.000000,0
73,5,324278,1,4,10333,1,1.958,2.0,2,0.16477,0.23771,0.7887,0.000009,0
74,5,324278,1,5,10333,1,1.000,1.0,1,0.00000,0.00000,1.0000,0.000000,0
75,5,324278,1,6,10333,2,2.405,2.0,4,0.39501,0.40715,0.5696,0.000061,0
76,5,324278,1,7,10333,1,1.000,1.0,1,0.00000,0.00000,1.0000,0.000000,0
77,5,324278,1,8,10333,2,2.000,2.0,2,0.17821,0.25710,0.7822,0.000224,0
78,5,324278,2,1,10333,1,1.000,1.0,1,0.00000,0.00000,1.0000,0.000000,0
79,5,324278,2,2,10333,1,1.000,1.0,1,0.00000,0.00000,1.0000,0.000000,0
80,5,324278,2,3,10333,1,1.000,1.0,1,0.00000,0.00000,1.0000,0.000000,0
81,5,324278,2,4,10333,1,1.000,1.0,1,0.00000,0.00000,1.0000,0.000000,0
82,5,324278,2,5,10333,2,2.405,2.0,4,0.42798,0.45515,0.5696,0.010414,0
83,5,324278,2,6,10333,2,2.000,2.0,2,0.23531,0.33948,0.5256,0.009417,0
84,5,324278,2,7,10333,1,1.958,2.0,2,0.24614,0.35511,0.2195,0.014875,0
85,5,324278,2,8,10333,1,1.000,1.0,1,0.00000,0.00000,1.0000,0.000000,0
86,5,324278,3,1,10333,1,1.000,1.0,1,0.00000,0.00000,1.0000,0.000000,0
87,5,324278,3,2,10333,1,1.000,1.0,1,0.00000,0.00000,1.0000,0.000000,0
88,5,324278,3,3,10333,1,1.958,2.0,2,0.34600,0.49917,0.2225,0.058141,1
89,6,373525,1,1,6152,2,2.828,3.0,3,0.77229,0.74669,0.0410,0.004807,0
90,6,373525,1,2,6152,4,4.000,4.0,4,1.09696,0.79129,0.0029,0.002667,0
91,6,373525,1,3,6152,3,3.029,3.0,4,0.78550,0.70956,0.0322,0.005015,0
92,6,373525,1,4,6152,5,5.000,5.0,5,1.35155,0.83976,0.0000,0.002778,0
93,6,373525,1,5,6152,1,1.785,2.0,2,0.32614,0.47052,0.4475,0.001246,0
94,6,373525,1,6,6152,6,6.783,7.0,10,1.66911,0.87435,0.0000,0.006421,0
95,6,373525,1,7,6152,5,5.477,5.0,6,1.42331,0.83799,0.0003,0.009830,0
96,6,373525,1,8,6152,4,4.029,4.0,5,1.10008,0.78970,0.0003,0.012529,0
97,6,373525,1,9,3,11,11.000,11.0,11,2.12031,0.88424,0.0000,0.021375,0
98,6,373525,2,1,6152,2,2.828,3.0,3,0.75462,0.73006,0.0480,0.012741,0
99,6,373525,2,2,6152,5,5.477,5.0,6,1.44117,0.84852,0.0002,0.009948,0
100,6,373525,2,3,6152,4,4.029,4.0,5,1.12541,0.80788,0.0003,0.010713,0
101,6,373525,2,4,3,11,11.000,11.0,11,2.21658,0.92438,0.0000,0.014605,0
102,6,373525,2,5,6152,5,5.000,5.0,5,1.37548,0.85463,0.0000,0.010937,0
103,6,373525,2,6,6152,3,3.029,3.0,4,0.79222,0.71558,0.0297,0.012764,0
104,6,373525,2,7,6152,4,4.000,4.0,4,1.10751,0.79890,0.0020,0.013344,0
105,6,373525,2,8,6152,1,1.785,2.0,2,0.33049,0.47679,0.4147,0.003831,0
106,6,373525,2,9,6152,6,6.783,7.0,10,1.71804,0.90000,0.0000,0.012521,0
107,6,373525,3,1,6152,5,5.477,5.0,6,1.47006,0.86560,0.0000,0.011444,0
108,6,373525,3,2,6152,4,4.000,4.0,4,1.11162,0.80186,0.0020,0.010970,0
109,6,373525,3,3,6152,6,6.783,7.0,10,1.71589,0.89887,0.0000,0.010819,0
110,6,373525,3,4,3,11,11.000,11.0,11,2.20243,0.91848,0.0000,0.020114,0
111,6,373525,3,5,6152,5,5.000,5.0,5,1.36648,0.84904,0.0000,0.009523,0
112,6,373525,3,6,6152,2,2.828,3.0,3,0.75397,0.72784,0.0428,0.011432,0
113,6,373525,3,7,6152,4,4.029,4.0,5,1.11054,0.79721,0.0003,0.013199,0
114,6,373525,3,8,6152,3,3.029,3.0,4,0.76747,0.69314,0.0353,0.013743,0
115,6,373525,3,9,6152,1,1.785,2.0,2,0.31082,0.44842,0.4483,0.005999,0
116,6,373525,4,1,3,11,11.000,11.0,11,2.10127,0.87630,0.0000,0.048677,0
117,6,373525,4,2,6152,5,5.000,5.0,5,1.34891,0.83813,0.0000,0.011420,0
118,6,373525,4,3,6152,5,5.477,5.0,6,1.44361,0.85000,0.0003,0.011365,0
119,6,373525,4,4,6152,3,3.029,3.0,4,0.78321,0.70739,0.0325,0.008383,0
120,6,373525,4,5,6152,4,4.029,4.0,5,1.12864,0.81021,0.0003,0.008628,0
121,6,373525,4,6,6152,1,1.785,2.0,2,0.32680,0.47147,0.4091,0.001724,0
122,6,373525,4,7,6152,2,2.828,3.0,3,0.77152,0.74541,0.0380,0.008078,0
123,6,373525,4,8,6152,4,4.000,4.0,4,1.11282,0.80273,0.0024,0.009773,0
124,6,373525,4,9,6152,6,6.783,7.0,10,1.71716,0.89956,0.0000,0.014186,0
125,7,449784,1,1,9528,2,2.000,2.0,2,0.15470,0.22318,0.7233,0.000000,0
126,7,449784,1,2,9528,1,1.000,1.0,1,0.00000,0.00000,1.0000,0.000000,0
127,7,449784,1,3,9528,1,1.957,2.0,2,0.14986,0.21620,0.7026,0.000009,0
128,7,449784,1,4,9528,3,3.346,3.0,6,0.44685,0.36673,0.4308,0.008882,0
129,7,449784,1,5,9528,2,2.603,3.0,3,0.27986,0.28611,0.5868,0.006711,0
130,7,449784,1,6,9528,2,2.000,2.0,2,0.25720,0.37107,0.5700,0.000086,0
131,7,449784,1,7,6,6,6.000,6.0,6,0.92982,0.51894,0.0000,0.000107,0
132,7,449784,1,8,9528,1,1.000,1.0,1,0.00000,0.00000,1.0000,0.000000,0
133,7,449784,1,9,9528,1,1.000,1.0,1,0.00000,0.00000,1.0000,0.000000,0
134,7,449784,2,1,9528,2,2.000,2.0,2,0.25701,0.37079,0.5696,0.000205,0
135,7,449784,2,2,9528,1,1.000,1.0,1,0.00000,0.00000,1.0000,0.000000,0
136,7,449784,2,3,9528,1,1.957,2.0,2,0.14974,0.21602,0.7048,0.000388,0
137,7,449784,2,4,9528,3,3.346,3.0,6,0.43264,0.35561,0.4420,0.009787,0
138,7,449784,2,5,9528,1,1.000,1.0,1,0.00000,0.00000,1.0000,0.000000,0
139,7,449784,2,6,9528,1,1.000,1.0,1,0.00000,0.00000,1.0000,0.000000,0
140,7,449784,2,7,9528,2,2.000,2.0,2,0.15594,0.22498,0.7248,0.000595,0
141,7,449784,2,8,6,6,6.000,6.0,6,0.85282,0.47597,0.0000,0.024875,0
142,7,449784,2,9,9528,2,2.603,3.0,3,0.27705,0.28378,0.5909,0.006981,0
143,7,449784,3,1,6,6,6.000,6.0,6,0.77007,0.42978,0.0000,0.043762,0
144,7,449784,3,2,9528,2,2.000,2.0,2,0.25409,0.36658,0.5725,0.001001,0
145,7,449784,3,3,9528,1,1.000,1.0,1,0.00000,0.00000,1.0000,0.000000,0
146,7,449784,3,4,9528,2,2.000,2.0,2,0.14797,0.21347,0.7313,0.001586,0
147,7,449784,3,5,9528,1,1.957,2.0,2,0.14374,0.20737,0.7128,0.001798,0
148,7,449784,3,6,9528,1,1.000,1.0,1,0.00000,0.00000,1.0000,0.000000,0
149,7,449784,3,7,9528,3,3.346,3.0,6,0.37164,0.30731,0.5114,0.036849,0
150,7,449784,3,8,9528,2,2.603,3.0,3,0.26009,0.26739,0.6118,0.013755,0
151,7,449784,3,9,9528,1,1.000,1.0,1,0.00000,0.00000,1.0000,0.000000,0
152,7,449784,4,1,9528,2,2.000,2.0,2,0.15698,0.22648,0.7251,0.001261,0
153,7,449784,4,2,9528,1,1.000,1.0,1,0.00000,0.00000,1.0000,0.000000,0
154,7,449784,4,3,9528,1,1.000,1.0,1,0.00000,0.00000,1.0000,0.000000,0
155,7,449784,4,4,9528,1,1.957,2.0,2,0.16027,0.23122,0.6924,0.003762,0
156,7,449784,4,5,9528,3,3.346,3.0,6,0.44319,0.36649,0.4556,0.018703,0
157,7,449784,4,6,9528,1,1.000,1.0,1,0.00000,0.00000,1.0000,0.000000,0
158,7,449784,4,7,9528,2,2.000,2.0,2,0.26406,0.38096,0.5629,0.004388,0
159,7,449784,4,8,6,6,6.000,6.0,6,0.56207,0.31370,0.6667,0.124592,1
